INSERT INTO `tstd_user` (`user_id`,`login_name`,`nickname`,`login_pwd`,`login_pwd_strength`,`kind`,`level`,`user_referee`,`mobile`,`id_kind`,`id_no`,`real_name`,`trade_pwd`,`trade_pwd_strength`,`role_code`,`status`,`pdf`,`company_code`,`open_id`,`jpush_id`,`create_datetime`,`updater`,`update_datetime`,`remark`,`system_code`) VALUES ('CDZT201700000000000001','admin',NULL,'21218cca77804d2ba1922c33e0151105','1','01','0',NULL,NULL,NULL,NULL,NULL,NULL,NULL,'DZTSR2017041310190267791','0',NULL,NULL,NULL,NULL,now(),'admin',now(),'管理端系统方','CD-CDZT000009');

INSERT INTO `tsys_role` (`code`,`name`,`level`,`updater`,`update_datetime`,`remark`,`system_code`) VALUES ('DZTSR20170000000000hhr','合伙人','1','admin',now(),NULL,'CD-CDZT000009');
INSERT INTO `tsys_role` (`code`,`name`,`level`,`updater`,`update_datetime`,`remark`,`system_code`) VALUES ('DZTSR20170000000000lts','量体师','1','admin',now(),NULL,'CD-CDZT000009');
INSERT INTO `tsys_role` (`code`,`name`,`level`,`updater`,`update_datetime`,`remark`,`system_code`) VALUES ('DZTSR2017041310190267791','超级管理员','1','admin',now(),NULL,'CD-CDZT000009');

INSERT INTO `tstd_cpassword` (`code`,`type`,`account`,`password`,`remark`,`company_code`,`system_code`) VALUES ('dzt001','2','ACCESS_KEY','MrjyX5guB2EbEG-GUvYp0cY8stuKPosgTZ0uObh5',NULL,'CD-CDZT000009','CD-CDZT000009');
INSERT INTO `tstd_cpassword` (`code`,`type`,`account`,`password`,`remark`,`company_code`,`system_code`) VALUES ('dzt002','2','SECRET_KEY','fo3KNUvolFpczicAK1my6BOqPZYyilTD4dww67Ap',NULL,'CD-CDZT000009','CD-CDZT000009');
INSERT INTO `tstd_cpassword` (`code`,`type`,`account`,`password`,`remark`,`company_code`,`system_code`) VALUES ('dzt003','2','bucket','heyi',NULL,'CD-CDZT000009','CD-CDZT000009');
INSERT INTO `tstd_cpassword` (`code`,`type`,`account`,`password`,`remark`,`company_code`,`system_code`) VALUES ('dzt004','3','ACCESS_KEY','wxcab5af1d8a2b2c22',NULL,'CD-CDZT000009','CD-CDZT000009');
INSERT INTO `tstd_cpassword` (`code`,`type`,`account`,`password`,`remark`,`company_code`,`system_code`) VALUES ('dzt005','3','SECRET_KEY','82b8baceea880b2195af64384665c220',NULL,'CD-CDZT000009','CD-CDZT000009');

INSERT INTO `tsys_config` (`ckey`,`cvalue`,`note`,`updater`,`update_datetime`,`remark`,`company_code`,`system_code`) VALUES ('aboutUs','关于我们','商捷定制通——关于我们','admin',now(),NULL,'CD-CDZT000009','CD-CDZT000009');
INSERT INTO `tsys_config` (`ckey`,`cvalue`,`note`,`updater`,`update_datetime`,`remark`,`company_code`,`system_code`) VALUES ('yuyuePic','预约界面展示图','预约量体-合衣上传_1494836643559.jpg','admin',now(),NULL,'CD-CDZT000009','CD-CDZT000009');
INSERT INTO `tsys_config` (`ckey`,`cvalue`,`note`,`updater`,`update_datetime`,`remark`,`company_code`,`system_code`) VALUES ('fugouPic','复购界面展示图','一键复购-合衣上传_1494837000675.jpg','admin',now(),NULL,'CD-CDZT000009','CD-CDZT000009');

/*
-- Query: SELECT code,name,type,url,order_no,updater, now() as update_datetime,remark,parent_code,system_code FROM tsys_menu where system_code = 'CD-CDZT000009'
-- Date: 2017-05-19 20:59
*/
INSERT INTO `tsys_menu` (`code`,`name`,`type`,`url`,`order_no`,`updater`,`update_datetime`,`remark`,`parent_code`,`system_code`) VALUES ('DZTSM201600000000000000','根目录','1','#','1','admin',now(),'','','CD-CDZT000009');
INSERT INTO `tsys_menu` (`code`,`name`,`type`,`url`,`order_no`,`updater`,`update_datetime`,`remark`,`parent_code`,`system_code`) VALUES ('DZTSM201600001000000001','系统管理','1','#','1','admin',now(),'','DZTSM201600000000000000','CD-CDZT000009');
INSERT INTO `tsys_menu` (`code`,`name`,`type`,`url`,`order_no`,`updater`,`update_datetime`,`remark`,`parent_code`,`system_code`) VALUES ('DZTSM201600001000000002','运维管理','1','#','2','admin',now(),NULL,'DZTSM201600001000000001','CD-CDZT000009');
INSERT INTO `tsys_menu` (`code`,`name`,`type`,`url`,`order_no`,`updater`,`update_datetime`,`remark`,`parent_code`,`system_code`) VALUES ('DZTSM201600001000000003','菜单管理','1','/security/menu.htm','1','admin',now(),NULL,'DZTSM201600001000000002','CD-CDZT000009');
INSERT INTO `tsys_menu` (`code`,`name`,`type`,`url`,`order_no`,`updater`,`update_datetime`,`remark`,`parent_code`,`system_code`) VALUES ('DZTSM201600001000000004','新增','2','/add','1','admin',now(),'','DZTSM201600001000000003','CD-CDZT000009');
INSERT INTO `tsys_menu` (`code`,`name`,`type`,`url`,`order_no`,`updater`,`update_datetime`,`remark`,`parent_code`,`system_code`) VALUES ('DZTSM2016101716241339082','运营管理','1','#','1','admin',now(),'','DZTSM201600001000000001','CD-CDZT000009');
INSERT INTO `tsys_menu` (`code`,`name`,`type`,`url`,`order_no`,`updater`,`update_datetime`,`remark`,`parent_code`,`system_code`) VALUES ('DZTSM2016101716253866426','角色管理','1','/security/role.htm','1','admin',now(),'','DZTSM2016101716241339082','CD-CDZT000009');
INSERT INTO `tsys_menu` (`code`,`name`,`type`,`url`,`order_no`,`updater`,`update_datetime`,`remark`,`parent_code`,`system_code`) VALUES ('DZTSM2016101716261754674','用户管理','1','/security/user.htm','2','admin',now(),'','DZTSM2016101716241339082','CD-CDZT000009');
INSERT INTO `tsys_menu` (`code`,`name`,`type`,`url`,`order_no`,`updater`,`update_datetime`,`remark`,`parent_code`,`system_code`) VALUES ('DZTSM2016101716290657836','系统参数管理','1','/general/param.htm','2','admin',now(),'','DZTSM201600001000000002','CD-CDZT000009');
INSERT INTO `tsys_menu` (`code`,`name`,`type`,`url`,`order_no`,`updater`,`update_datetime`,`remark`,`parent_code`,`system_code`) VALUES ('DZTSM2016101716295904680','数据字典管理','1','/general/dict.htm','3','admin',now(),'','DZTSM201600001000000002','CD-CDZT000009');
INSERT INTO `tsys_menu` (`code`,`name`,`type`,`url`,`order_no`,`updater`,`update_datetime`,`remark`,`parent_code`,`system_code`) VALUES ('DZTSM2016101716450533995','分配菜单','2','/change','4','admin',now(),'','DZTSM2016101716253866426','CD-CDZT000009');
INSERT INTO `tsys_menu` (`code`,`name`,`type`,`url`,`order_no`,`updater`,`update_datetime`,`remark`,`parent_code`,`system_code`) VALUES ('DZTSM2016101717551955993','新增','2','/add','1','admin',now(),'','DZTSM2016101716253866426','CD-CDZT000009');
INSERT INTO `tsys_menu` (`code`,`name`,`type`,`url`,`order_no`,`updater`,`update_datetime`,`remark`,`parent_code`,`system_code`) VALUES ('DZTSM2016101717560118734','修改','2','/edit','2','admin',now(),'','DZTSM2016101716253866426','CD-CDZT000009');
INSERT INTO `tsys_menu` (`code`,`name`,`type`,`url`,`order_no`,`updater`,`update_datetime`,`remark`,`parent_code`,`system_code`) VALUES ('DZTSM2016101717563661357','删除','2','/delete','3','admin',now(),'','DZTSM2016101716253866426','CD-CDZT000009');
INSERT INTO `tsys_menu` (`code`,`name`,`type`,`url`,`order_no`,`updater`,`update_datetime`,`remark`,`parent_code`,`system_code`) VALUES ('DZTSM2016101719082391126','新增','2','/add','1','admin',now(),'','DZTSM2016101716261754674','CD-CDZT000009');
INSERT INTO `tsys_menu` (`code`,`name`,`type`,`url`,`order_no`,`updater`,`update_datetime`,`remark`,`parent_code`,`system_code`) VALUES ('DZTSM2016101719094151894','重置密码','2','/reset','2','admin',now(),'','DZTSM2016101716261754674','CD-CDZT000009');
INSERT INTO `tsys_menu` (`code`,`name`,`type`,`url`,`order_no`,`updater`,`update_datetime`,`remark`,`parent_code`,`system_code`) VALUES ('DZTSM2016101719100760088','注销','2','/rock','4','admin',now(),'','DZTSM2016101716261754674','CD-CDZT000009');
INSERT INTO `tsys_menu` (`code`,`name`,`type`,`url`,`order_no`,`updater`,`update_datetime`,`remark`,`parent_code`,`system_code`) VALUES ('DZTSM2016101719110981215','设置角色','2','/assign','5','admin',now(),'','DZTSM2016101716261754674','CD-CDZT000009');
INSERT INTO `tsys_menu` (`code`,`name`,`type`,`url`,`order_no`,`updater`,`update_datetime`,`remark`,`parent_code`,`system_code`) VALUES ('DZTSM2016101719140087629','修改','2','/edit','1','admin',now(),'','DZTSM2016101716290657836','CD-CDZT000009');
INSERT INTO `tsys_menu` (`code`,`name`,`type`,`url`,`order_no`,`updater`,`update_datetime`,`remark`,`parent_code`,`system_code`) VALUES ('DZTSM2016101719143965297','修改','2','/edit','1','admin',now(),'','DZTSM2016101716295904680','CD-CDZT000009');
INSERT INTO `tsys_menu` (`code`,`name`,`type`,`url`,`order_no`,`updater`,`update_datetime`,`remark`,`parent_code`,`system_code`) VALUES ('DZTSM2016120610552303416','激活','2','/active','3','admin',now(),'','DZTSM2016101716261754674','CD-CDZT000009');
INSERT INTO `tsys_menu` (`code`,`name`,`type`,`url`,`order_no`,`updater`,`update_datetime`,`remark`,`parent_code`,`system_code`) VALUES ('DZTSM2017032911200961325','修改','2','/edit','2','admin',now(),'','DZTSM201600001000000003','CD-CDZT000009');
INSERT INTO `tsys_menu` (`code`,`name`,`type`,`url`,`order_no`,`updater`,`update_datetime`,`remark`,`parent_code`,`system_code`) VALUES ('SM2017041310580307978','平台管理','1','#','2','admin',now(),'','DZTSM201600000000000000','CD-CDZT000009');
INSERT INTO `tsys_menu` (`code`,`name`,`type`,`url`,`order_no`,`updater`,`update_datetime`,`remark`,`parent_code`,`system_code`) VALUES ('SM2017041313190664381','我的账户','1','#','1','admin',now(),'','SM2017041310580307978','CD-CDZT000009');
INSERT INTO `tsys_menu` (`code`,`name`,`type`,`url`,`order_no`,`updater`,`update_datetime`,`remark`,`parent_code`,`system_code`) VALUES ('SM201704131320495813','我的账户','1','/plantform/account.htm','1','admin',now(),'','SM2017041313190664381','CD-CDZT000009');
INSERT INTO `tsys_menu` (`code`,`name`,`type`,`url`,`order_no`,`updater`,`update_datetime`,`remark`,`parent_code`,`system_code`) VALUES ('SM2017041313213512694','产品管理','1','#','10','admin',now(),'','SM2017041310580307978','CD-CDZT000009');
INSERT INTO `tsys_menu` (`code`,`name`,`type`,`url`,`order_no`,`updater`,`update_datetime`,`remark`,`parent_code`,`system_code`) VALUES ('SM2017041313232948342','产品管理','1','/product/product.htm','1','admin',now(),'','SM2017041313213512694','CD-CDZT000009');
INSERT INTO `tsys_menu` (`code`,`name`,`type`,`url`,`order_no`,`updater`,`update_datetime`,`remark`,`parent_code`,`system_code`) VALUES ('SM2017041313251436962','产品规格管理','1','/product/parameter.htm','2','admin',now(),'','SM2017041313213512694','CD-CDZT000009');
INSERT INTO `tsys_menu` (`code`,`name`,`type`,`url`,`order_no`,`updater`,`update_datetime`,`remark`,`parent_code`,`system_code`) VALUES ('SM2017041313262508862','修改','2','/edit','2','admin',now(),'','SM2017041313232948342','CD-CDZT000009');
INSERT INTO `tsys_menu` (`code`,`name`,`type`,`url`,`order_no`,`updater`,`update_datetime`,`remark`,`parent_code`,`system_code`) VALUES ('SM2017041313285641867','修改','2','/edit','2','admin',now(),'','SM2017041313251436962','CD-CDZT000009');
INSERT INTO `tsys_menu` (`code`,`name`,`type`,`url`,`order_no`,`updater`,`update_datetime`,`remark`,`parent_code`,`system_code`) VALUES ('SM2017041313295293187','订单跟踪','1','#','20','admin',now(),'','SM2017041310580307978','CD-CDZT000009');
INSERT INTO `tsys_menu` (`code`,`name`,`type`,`url`,`order_no`,`updater`,`update_datetime`,`remark`,`parent_code`,`system_code`) VALUES ('SM2017041313303898011','订单处理','1','/product/order.htm','1','admin',now(),'','SM2017041313295293187','CD-CDZT000009');
INSERT INTO `tsys_menu` (`code`,`name`,`type`,`url`,`order_no`,`updater`,`update_datetime`,`remark`,`parent_code`,`system_code`) VALUES ('SM2017041313321297468','派单','2','/edit2','3','admin',now(),'','SM2017041313303898011','CD-CDZT000009');
INSERT INTO `tsys_menu` (`code`,`name`,`type`,`url`,`order_no`,`updater`,`update_datetime`,`remark`,`parent_code`,`system_code`) VALUES ('SM2017041313332657539','代支付','2','/pay','4','admin',now(),'','SM2017041313303898011','CD-CDZT000009');
INSERT INTO `tsys_menu` (`code`,`name`,`type`,`url`,`order_no`,`updater`,`update_datetime`,`remark`,`parent_code`,`system_code`) VALUES ('SM2017041313340342897','数据录入','2','/shu','5','admin',now(),'','SM2017041313303898011','CD-CDZT000009');
INSERT INTO `tsys_menu` (`code`,`name`,`type`,`url`,`order_no`,`updater`,`update_datetime`,`remark`,`parent_code`,`system_code`) VALUES ('SM2017041313342945833','复核','2','/che','7','admin',now(),'','SM2017041313303898011','CD-CDZT000009');
INSERT INTO `tsys_menu` (`code`,`name`,`type`,`url`,`order_no`,`updater`,`update_datetime`,`remark`,`parent_code`,`system_code`) VALUES ('SM2017041313350458534','提交工厂','2','/sub','8','admin',now(),'','SM2017041313303898011','CD-CDZT000009');
INSERT INTO `tsys_menu` (`code`,`name`,`type`,`url`,`order_no`,`updater`,`update_datetime`,`remark`,`parent_code`,`system_code`) VALUES ('SM2017041313352613588','发货回录','2','/send','9','admin',now(),'','SM2017041313303898011','CD-CDZT000009');
INSERT INTO `tsys_menu` (`code`,`name`,`type`,`url`,`order_no`,`updater`,`update_datetime`,`remark`,`parent_code`,`system_code`) VALUES ('SM2017041313361961620','确认收货','2','/rece','9','admin',now(),'','SM2017041313303898011','CD-CDZT000009');
INSERT INTO `tsys_menu` (`code`,`name`,`type`,`url`,`order_no`,`updater`,`update_datetime`,`remark`,`parent_code`,`system_code`) VALUES ('SM201704131336403336','取消','2','/calcel','9','admin',now(),'','SM2017041313303898011','CD-CDZT000009');
INSERT INTO `tsys_menu` (`code`,`name`,`type`,`url`,`order_no`,`updater`,`update_datetime`,`remark`,`parent_code`,`system_code`) VALUES ('SM201704131338579643','订单查询','1','/product/orderSearch.htm','2','admin',now(),'','SM2017041313295293187','CD-CDZT000009');
INSERT INTO `tsys_menu` (`code`,`name`,`type`,`url`,`order_no`,`updater`,`update_datetime`,`remark`,`parent_code`,`system_code`) VALUES ('SM2017041313401262363','会员管理','1','#','30','admin',now(),'','SM2017041310580307978','CD-CDZT000009');
INSERT INTO `tsys_menu` (`code`,`name`,`type`,`url`,`order_no`,`updater`,`update_datetime`,`remark`,`parent_code`,`system_code`) VALUES ('SM201704131341252732','合伙人管理','1','/member/partner.htm','1','admin',now(),'','SM2017041313401262363','CD-CDZT000009');
INSERT INTO `tsys_menu` (`code`,`name`,`type`,`url`,`order_no`,`updater`,`update_datetime`,`remark`,`parent_code`,`system_code`) VALUES ('SM2017041313414410249','新增','2','/add','1','admin',now(),'','SM201704131341252732','CD-CDZT000009');
INSERT INTO `tsys_menu` (`code`,`name`,`type`,`url`,`order_no`,`updater`,`update_datetime`,`remark`,`parent_code`,`system_code`) VALUES ('SM2017041313420675849','修改','2','/edit2','2','admin',now(),'','SM201704131341252732','CD-CDZT000009');
INSERT INTO `tsys_menu` (`code`,`name`,`type`,`url`,`order_no`,`updater`,`update_datetime`,`remark`,`parent_code`,`system_code`) VALUES ('SM2017041313440900776','冻结','2','/rock','3','admin',now(),'','SM201704131341252732','CD-CDZT000009');
INSERT INTO `tsys_menu` (`code`,`name`,`type`,`url`,`order_no`,`updater`,`update_datetime`,`remark`,`parent_code`,`system_code`) VALUES ('SM2017041313444131225','解冻','2','/active','4','admin',now(),'','SM201704131341252732','CD-CDZT000009');
INSERT INTO `tsys_menu` (`code`,`name`,`type`,`url`,`order_no`,`updater`,`update_datetime`,`remark`,`parent_code`,`system_code`) VALUES ('SM2017041313453155639','业绩','2','/achieve','5','admin',now(),'','SM201704131341252732','CD-CDZT000009');
INSERT INTO `tsys_menu` (`code`,`name`,`type`,`url`,`order_no`,`updater`,`update_datetime`,`remark`,`parent_code`,`system_code`) VALUES ('SM2017041313455114042','账户','2','/account','8','admin',now(),'','SM201704131341252732','CD-CDZT000009');
INSERT INTO `tsys_menu` (`code`,`name`,`type`,`url`,`order_no`,`updater`,`update_datetime`,`remark`,`parent_code`,`system_code`) VALUES ('SM2017041313480003423','量体师管理','1','/member/quantity.htm','2','admin',now(),'','SM2017041313401262363','CD-CDZT000009');
INSERT INTO `tsys_menu` (`code`,`name`,`type`,`url`,`order_no`,`updater`,`update_datetime`,`remark`,`parent_code`,`system_code`) VALUES ('SM2017041313551484131','详情','2','/detail','1','admin',now(),'','SM201704131338579643','CD-CDZT000009');
INSERT INTO `tsys_menu` (`code`,`name`,`type`,`url`,`order_no`,`updater`,`update_datetime`,`remark`,`parent_code`,`system_code`) VALUES ('SM2017041313560140497','导出','2','/export','2','admin',now(),'','SM201704131338579643','CD-CDZT000009');
INSERT INTO `tsys_menu` (`code`,`name`,`type`,`url`,`order_no`,`updater`,`update_datetime`,`remark`,`parent_code`,`system_code`) VALUES ('SM2017041313575289597','新增','2','/add','1','admin',now(),'','SM2017041313480003423','CD-CDZT000009');
INSERT INTO `tsys_menu` (`code`,`name`,`type`,`url`,`order_no`,`updater`,`update_datetime`,`remark`,`parent_code`,`system_code`) VALUES ('SM2017041313583558733','修改','2','/edit2','2','admin',now(),'','SM2017041313480003423','CD-CDZT000009');
INSERT INTO `tsys_menu` (`code`,`name`,`type`,`url`,`order_no`,`updater`,`update_datetime`,`remark`,`parent_code`,`system_code`) VALUES ('SM2017041313590081650','冻结','2','/rock','3','admin',now(),'','SM2017041313480003423','CD-CDZT000009');
INSERT INTO `tsys_menu` (`code`,`name`,`type`,`url`,`order_no`,`updater`,`update_datetime`,`remark`,`parent_code`,`system_code`) VALUES ('SM2017041313592911077','解冻','2','/active','4','admin',now(),'','SM2017041313480003423','CD-CDZT000009');
INSERT INTO `tsys_menu` (`code`,`name`,`type`,`url`,`order_no`,`updater`,`update_datetime`,`remark`,`parent_code`,`system_code`) VALUES ('SM2017041313595671330','业绩','2','/achieve','5','admin',now(),'','SM2017041313480003423','CD-CDZT000009');
INSERT INTO `tsys_menu` (`code`,`name`,`type`,`url`,`order_no`,`updater`,`update_datetime`,`remark`,`parent_code`,`system_code`) VALUES ('SM2017041314002598637','账户','2','/account','7','admin',now(),'','SM2017041313480003423','CD-CDZT000009');
INSERT INTO `tsys_menu` (`code`,`name`,`type`,`url`,`order_no`,`updater`,`update_datetime`,`remark`,`parent_code`,`system_code`) VALUES ('SM2017041314014649235','客户管理','1','/member/custom.htm','3','admin',now(),'','SM2017041313401262363','CD-CDZT000009');
INSERT INTO `tsys_menu` (`code`,`name`,`type`,`url`,`order_no`,`updater`,`update_datetime`,`remark`,`parent_code`,`system_code`) VALUES ('SM2017041314031392992','冻结','2','/rock','1','admin',now(),'','SM2017041314014649235','CD-CDZT000009');
INSERT INTO `tsys_menu` (`code`,`name`,`type`,`url`,`order_no`,`updater`,`update_datetime`,`remark`,`parent_code`,`system_code`) VALUES ('SM2017041314035766837','解冻','2','/active','2','admin',now(),'','SM2017041314014649235','CD-CDZT000009');
INSERT INTO `tsys_menu` (`code`,`name`,`type`,`url`,`order_no`,`updater`,`update_datetime`,`remark`,`parent_code`,`system_code`) VALUES ('SM201704131404385959','订单','2','/order','3','admin',now(),'','SM2017041314014649235','CD-CDZT000009');
INSERT INTO `tsys_menu` (`code`,`name`,`type`,`url`,`order_no`,`updater`,`update_datetime`,`remark`,`parent_code`,`system_code`) VALUES ('SM2017041314054970250','账户','2','/account','4','admin',now(),'','SM2017041314014649235','CD-CDZT000009');
INSERT INTO `tsys_menu` (`code`,`name`,`type`,`url`,`order_no`,`updater`,`update_datetime`,`remark`,`parent_code`,`system_code`) VALUES ('SM2017041314074364565','财务管理','1','#','40','admin',now(),'','SM2017041310580307978','CD-CDZT000009');
INSERT INTO `tsys_menu` (`code`,`name`,`type`,`url`,`order_no`,`updater`,`update_datetime`,`remark`,`parent_code`,`system_code`) VALUES ('SM2017041314120921312','线下充值','1','/finance/recharge.htm','1','admin',now(),'','SM2017041314074364565','CD-CDZT000009');
INSERT INTO `tsys_menu` (`code`,`name`,`type`,`url`,`order_no`,`updater`,`update_datetime`,`remark`,`parent_code`,`system_code`) VALUES ('SM2017041314123980435','线下取现','1','/finance/access.htm','2','admin',now(),'','SM2017041314074364565','CD-CDZT000009');
INSERT INTO `tsys_menu` (`code`,`name`,`type`,`url`,`order_no`,`updater`,`update_datetime`,`remark`,`parent_code`,`system_code`) VALUES ('SM201704131414365985','充值查询','1','/finance/history.htm','3','admin',now(),'','SM2017041314074364565','CD-CDZT000009');
INSERT INTO `tsys_menu` (`code`,`name`,`type`,`url`,`order_no`,`updater`,`update_datetime`,`remark`,`parent_code`,`system_code`) VALUES ('SM2017041314154096537','文章管理','1','#','60','admin',now(),'','SM2017041310580307978','CD-CDZT000009');
INSERT INTO `tsys_menu` (`code`,`name`,`type`,`url`,`order_no`,`updater`,`update_datetime`,`remark`,`parent_code`,`system_code`) VALUES ('SM2017041314165042697','关于我们','1','/public/aboutus.htm','1','admin',now(),'','SM2017041314154096537','CD-CDZT000009');
INSERT INTO `tsys_menu` (`code`,`name`,`type`,`url`,`order_no`,`updater`,`update_datetime`,`remark`,`parent_code`,`system_code`) VALUES ('SM2017041409583066937','代申请','2','/add','1','admin',now(),'','SM2017041314123980435','CD-CDZT000009');
INSERT INTO `tsys_menu` (`code`,`name`,`type`,`url`,`order_no`,`updater`,`update_datetime`,`remark`,`parent_code`,`system_code`) VALUES ('SM2017041409585118929','审核','2','/che','2','admin',now(),'','SM2017041314123980435','CD-CDZT000009');
INSERT INTO `tsys_menu` (`code`,`name`,`type`,`url`,`order_no`,`updater`,`update_datetime`,`remark`,`parent_code`,`system_code`) VALUES ('SM2017041410020587767','代申请','2','/add','1','admin',now(),'','SM2017041314120921312','CD-CDZT000009');
INSERT INTO `tsys_menu` (`code`,`name`,`type`,`url`,`order_no`,`updater`,`update_datetime`,`remark`,`parent_code`,`system_code`) VALUES ('SM2017041410024359972','审核','2','/che','2','admin',now(),'','SM2017041314120921312','CD-CDZT000009');
INSERT INTO `tsys_menu` (`code`,`name`,`type`,`url`,`order_no`,`updater`,`update_datetime`,`remark`,`parent_code`,`system_code`) VALUES ('SM2017041810123188995','代预约','2','/add','0','admin',now(),'','SM2017041313303898011','CD-CDZT000009');
INSERT INTO `tsys_menu` (`code`,`name`,`type`,`url`,`order_no`,`updater`,`update_datetime`,`remark`,`parent_code`,`system_code`) VALUES ('SM2017041810141355763','代复购','2','/rePurchase','1','admin',now(),'','SM2017041313303898011','CD-CDZT000009');
INSERT INTO `tsys_menu` (`code`,`name`,`type`,`url`,`order_no`,`updater`,`update_datetime`,`remark`,`parent_code`,`system_code`) VALUES ('SM2017041814393731341','代定价','2','/price','3','admin',now(),'','SM2017041313303898011','CD-CDZT000009');
INSERT INTO `tsys_menu` (`code`,`name`,`type`,`url`,`order_no`,`updater`,`update_datetime`,`remark`,`parent_code`,`system_code`) VALUES ('SM2017041917023185272','提交复核','2','/tijiao','6','admin',now(),'','SM2017041313303898011','CD-CDZT000009');
INSERT INTO `tsys_menu` (`code`,`name`,`type`,`url`,`order_no`,`updater`,`update_datetime`,`remark`,`parent_code`,`system_code`) VALUES ('SM201704192049030331','合伙人','1','#','3','admin',now(),'','DZTSM201600000000000000','CD-CDZT000009');
INSERT INTO `tsys_menu` (`code`,`name`,`type`,`url`,`order_no`,`updater`,`update_datetime`,`remark`,`parent_code`,`system_code`) VALUES ('SM2017041920494266687','结算管理','1','#','1','admin',now(),'','SM201704192049030331','CD-CDZT000009');
INSERT INTO `tsys_menu` (`code`,`name`,`type`,`url`,`order_no`,`updater`,`update_datetime`,`remark`,`parent_code`,`system_code`) VALUES ('SM2017041921000180330','我的账户','1','/partner/account.htm','1','admin',now(),'','SM2017041920494266687','CD-CDZT000009');
INSERT INTO `tsys_menu` (`code`,`name`,`type`,`url`,`order_no`,`updater`,`update_datetime`,`remark`,`parent_code`,`system_code`) VALUES ('SM2017041921003965529','辖区管理','1','#','20','admin',now(),'','SM201704192049030331','CD-CDZT000009');
INSERT INTO `tsys_menu` (`code`,`name`,`type`,`url`,`order_no`,`updater`,`update_datetime`,`remark`,`parent_code`,`system_code`) VALUES ('SM2017041921014000235','我的订单','1','/partner/order.htm','1','admin',now(),'','SM2017041921003965529','CD-CDZT000009');
INSERT INTO `tsys_menu` (`code`,`name`,`type`,`url`,`order_no`,`updater`,`update_datetime`,`remark`,`parent_code`,`system_code`) VALUES ('SM2017041921022424332','辖区会员','1','#','30','admin',now(),'','SM201704192049030331','CD-CDZT000009');
INSERT INTO `tsys_menu` (`code`,`name`,`type`,`url`,`order_no`,`updater`,`update_datetime`,`remark`,`parent_code`,`system_code`) VALUES ('SM2017041921061513337','量体师管理','1','/partner/quantity.htm','1','admin',now(),'','SM2017041921022424332','CD-CDZT000009');
INSERT INTO `tsys_menu` (`code`,`name`,`type`,`url`,`order_no`,`updater`,`update_datetime`,`remark`,`parent_code`,`system_code`) VALUES ('SM2017041921184857460','新增','2','/add','1','admin',now(),'','SM2017041921061513337','CD-CDZT000009');
INSERT INTO `tsys_menu` (`code`,`name`,`type`,`url`,`order_no`,`updater`,`update_datetime`,`remark`,`parent_code`,`system_code`) VALUES ('SM2017041921190862561','修改','2','/edit2','2','admin',now(),'','SM2017041921061513337','CD-CDZT000009');
INSERT INTO `tsys_menu` (`code`,`name`,`type`,`url`,`order_no`,`updater`,`update_datetime`,`remark`,`parent_code`,`system_code`) VALUES ('SM2017041921192958012','冻结','2','/rock','3','admin',now(),'','SM2017041921061513337','CD-CDZT000009');
INSERT INTO `tsys_menu` (`code`,`name`,`type`,`url`,`order_no`,`updater`,`update_datetime`,`remark`,`parent_code`,`system_code`) VALUES ('SM2017041921195357862','解冻','2','/active','4','admin',now(),'','SM2017041921061513337','CD-CDZT000009');
INSERT INTO `tsys_menu` (`code`,`name`,`type`,`url`,`order_no`,`updater`,`update_datetime`,`remark`,`parent_code`,`system_code`) VALUES ('SM2017041921201807179','业绩','2','/achieve','5','admin',now(),'','SM2017041921061513337','CD-CDZT000009');
INSERT INTO `tsys_menu` (`code`,`name`,`type`,`url`,`order_no`,`updater`,`update_datetime`,`remark`,`parent_code`,`system_code`) VALUES ('SM2017041921203940711','账户','2','/account','6','admin',now(),'','SM2017041921061513337','CD-CDZT000009');
INSERT INTO `tsys_menu` (`code`,`name`,`type`,`url`,`order_no`,`updater`,`update_datetime`,`remark`,`parent_code`,`system_code`) VALUES ('SM2017041921362870185','派单','2','/edit2','1','admin',now(),'','SM2017041921014000235','CD-CDZT000009');
INSERT INTO `tsys_menu` (`code`,`name`,`type`,`url`,`order_no`,`updater`,`update_datetime`,`remark`,`parent_code`,`system_code`) VALUES ('SM2017041921365573353','复核','2','/tijiao','2','admin',now(),'','SM2017041921014000235','CD-CDZT000009');
INSERT INTO `tsys_menu` (`code`,`name`,`type`,`url`,`order_no`,`updater`,`update_datetime`,`remark`,`parent_code`,`system_code`) VALUES ('SM2017042312561214338','详情','2','/deta','4','admin',now(),'','SM2017041314120921312','CD-CDZT000009');
INSERT INTO `tsys_menu` (`code`,`name`,`type`,`url`,`order_no`,`updater`,`update_datetime`,`remark`,`parent_code`,`system_code`) VALUES ('SM201704231256359499','详情','2','/deta','4','admin',now(),'','SM2017041314123980435','CD-CDZT000009');
INSERT INTO `tsys_menu` (`code`,`name`,`type`,`url`,`order_no`,`updater`,`update_datetime`,`remark`,`parent_code`,`system_code`) VALUES ('SM2017042313071486027','流水','2','/ledger','9','admin',now(),'','SM201704131341252732','CD-CDZT000009');
INSERT INTO `tsys_menu` (`code`,`name`,`type`,`url`,`order_no`,`updater`,`update_datetime`,`remark`,`parent_code`,`system_code`) VALUES ('SM2017042313074275811','流水','2','/ledger','9','admin',now(),'','SM2017041313480003423','CD-CDZT000009');
INSERT INTO `tsys_menu` (`code`,`name`,`type`,`url`,`order_no`,`updater`,`update_datetime`,`remark`,`parent_code`,`system_code`) VALUES ('SM2017042313080751050','流水','2','/ledger','9','admin',now(),'','SM2017041314014649235','CD-CDZT000009');
INSERT INTO `tsys_menu` (`code`,`name`,`type`,`url`,`order_no`,`updater`,`update_datetime`,`remark`,`parent_code`,`system_code`) VALUES ('SM201704231310509103','流水','2','/ledger','8','admin',now(),'','SM2017041921061513337','CD-CDZT000009');
INSERT INTO `tsys_menu` (`code`,`name`,`type`,`url`,`order_no`,`updater`,`update_datetime`,`remark`,`parent_code`,`system_code`) VALUES ('SM2017042314203214968','详情','2','/deta','1','admin',now(),'','SM201704131414365985','CD-CDZT000009');
INSERT INTO `tsys_menu` (`code`,`name`,`type`,`url`,`order_no`,`updater`,`update_datetime`,`remark`,`parent_code`,`system_code`) VALUES ('SM2017042514003897048','量体师','1','#','4','admin',now(),'','DZTSM201600000000000000','CD-CDZT000009');
INSERT INTO `tsys_menu` (`code`,`name`,`type`,`url`,`order_no`,`updater`,`update_datetime`,`remark`,`parent_code`,`system_code`) VALUES ('SM2017042514035535760','结算管理','1','#','1','admin',now(),'','SM2017042514003897048','CD-CDZT000009');
INSERT INTO `tsys_menu` (`code`,`name`,`type`,`url`,`order_no`,`updater`,`update_datetime`,`remark`,`parent_code`,`system_code`) VALUES ('SM2017042514090024261','我的账户','1','/partner/account.htm','1','admin',now(),'','SM2017042514035535760','CD-CDZT000009');
INSERT INTO `tsys_menu` (`code`,`name`,`type`,`url`,`order_no`,`updater`,`update_datetime`,`remark`,`parent_code`,`system_code`) VALUES ('SM2017042514115205636','订单管理','1','#','20','admin',now(),'','SM2017042514003897048','CD-CDZT000009');
INSERT INTO `tsys_menu` (`code`,`name`,`type`,`url`,`order_no`,`updater`,`update_datetime`,`remark`,`parent_code`,`system_code`) VALUES ('SM2017042514123545629','订单处理','1','/quantity/order.htm','1','admin',now(),'','SM2017042514115205636','CD-CDZT000009');
INSERT INTO `tsys_menu` (`code`,`name`,`type`,`url`,`order_no`,`updater`,`update_datetime`,`remark`,`parent_code`,`system_code`) VALUES ('SM2017042514242649049','定价','2','/price','1','admin',now(),'','SM2017042514123545629','CD-CDZT000009');
INSERT INTO `tsys_menu` (`code`,`name`,`type`,`url`,`order_no`,`updater`,`update_datetime`,`remark`,`parent_code`,`system_code`) VALUES ('SM2017042514250186372','数据录入','2','/shu','2','admin',now(),'','SM2017042514123545629','CD-CDZT000009');
INSERT INTO `tsys_menu` (`code`,`name`,`type`,`url`,`order_no`,`updater`,`update_datetime`,`remark`,`parent_code`,`system_code`) VALUES ('SM2017042514254055181','提交复核','2','/tijiao','4','admin',now(),'','SM2017042514123545629','CD-CDZT000009');
INSERT INTO `tsys_menu` (`code`,`name`,`type`,`url`,`order_no`,`updater`,`update_datetime`,`remark`,`parent_code`,`system_code`) VALUES ('SM2017042514343641244','订单查询','1','/quantity/orderSearch.htm','3','admin',now(),'','SM2017042514115205636','CD-CDZT000009');
INSERT INTO `tsys_menu` (`code`,`name`,`type`,`url`,`order_no`,`updater`,`update_datetime`,`remark`,`parent_code`,`system_code`) VALUES ('SM2017042514353921066','详情','2','/detail','1','admin',now(),'','SM2017042514343641244','CD-CDZT000009');
INSERT INTO `tsys_menu` (`code`,`name`,`type`,`url`,`order_no`,`updater`,`update_datetime`,`remark`,`parent_code`,`system_code`) VALUES ('SM2017042517165331870','订单查询','1','/partner/orderSearch.htm','3','admin',now(),'','SM2017041921003965529','CD-CDZT000009');
INSERT INTO `tsys_menu` (`code`,`name`,`type`,`url`,`order_no`,`updater`,`update_datetime`,`remark`,`parent_code`,`system_code`) VALUES ('SM2017042517204148441','详情','2','/detail','1','admin',now(),'','SM2017042517165331870','CD-CDZT000009');
INSERT INTO `tsys_menu` (`code`,`name`,`type`,`url`,`order_no`,`updater`,`update_datetime`,`remark`,`parent_code`,`system_code`) VALUES ('SM2017042613140617785','导出','2','/export','5','admin',now(),'','SM2017041314123980435','CD-CDZT000009');
INSERT INTO `tsys_menu` (`code`,`name`,`type`,`url`,`order_no`,`updater`,`update_datetime`,`remark`,`parent_code`,`system_code`) VALUES ('SM2017042620184423521','详情','2','/deta','90','admin',now(),'','SM2017041313303898011','CD-CDZT000009');
INSERT INTO `tsys_menu` (`code`,`name`,`type`,`url`,`order_no`,`updater`,`update_datetime`,`remark`,`parent_code`,`system_code`) VALUES ('SM201704262047110503','详情','2','/deta','5','admin',now(),'','SM2017041921014000235','CD-CDZT000009');
INSERT INTO `tsys_menu` (`code`,`name`,`type`,`url`,`order_no`,`updater`,`update_datetime`,`remark`,`parent_code`,`system_code`) VALUES ('SM2017042620494616660','详情','2','/deta','6','admin',now(),'','SM2017042514123545629','CD-CDZT000009');
INSERT INTO `tsys_menu` (`code`,`name`,`type`,`url`,`order_no`,`updater`,`update_datetime`,`remark`,`parent_code`,`system_code`) VALUES ('SM2017051716032194524','审核','2','/che','21','admin',now(),'','SM2017041313480003423','CD-CDZT000009');
INSERT INTO `tsys_menu` (`code`,`name`,`type`,`url`,`order_no`,`updater`,`update_datetime`,`remark`,`parent_code`,`system_code`) VALUES ('SM2017051814284242452','回录','2','/huilu','3','admin',now(),'','SM2017041314123980435','CD-CDZT000009');
INSERT INTO `tsys_menu` (`code`,`name`,`type`,`url`,`order_no`,`updater`,`update_datetime`,`remark`,`parent_code`,`system_code`) VALUES ('SM2017051815031702548','导出','2','/export','5','admin',now(),'','SM2017041314120921312','CD-CDZT000009');
INSERT INTO `tsys_menu` (`code`,`name`,`type`,`url`,`order_no`,`updater`,`update_datetime`,`remark`,`parent_code`,`system_code`) VALUES ('SM2017051815080899184','报表分析','1','#','50','admin',now(),'','SM2017041310580307978','CD-CDZT000009');
INSERT INTO `tsys_menu` (`code`,`name`,`type`,`url`,`order_no`,`updater`,`update_datetime`,`remark`,`parent_code`,`system_code`) VALUES ('SM2017051815094123247','报表分析','1','/finance/reportForms.htm','1','admin',now(),'','SM2017051815080899184','CD-CDZT000009');
INSERT INTO `tsys_menu` (`code`,`name`,`type`,`url`,`order_no`,`updater`,`update_datetime`,`remark`,`parent_code`,`system_code`) VALUES ('SM2017051816413494115','取现查询','1','/finance/accessHistory.htm','4','admin',now(),'','SM2017041314074364565','CD-CDZT000009');
INSERT INTO `tsys_menu` (`code`,`name`,`type`,`url`,`order_no`,`updater`,`update_datetime`,`remark`,`parent_code`,`system_code`) VALUES ('SM2017051821101216785','详情','2','/deta','1','admin',now(),'','SM2017051816413494115','CD-CDZT000009');

/*
-- Query: SELECT role_code,menu_code,updater,now() as update_datetime,remark, system_code FROM tsys_menu_role where role_code in('DZTSR20170000000000hhr','DZTSR2017041310190267791','DZTSR20170000000000lts') AND system_code = 'CD-CDZT000009'
-- Date: 2017-05-19 21:00
*/
INSERT INTO `tsys_menu_role` (`role_code`,`menu_code`,`updater`,`update_datetime`,`remark`,`system_code`) VALUES ('DZTSR20170000000000hhr','DZTSM201600000000000000','admin',now(),NULL,'CD-CDZT000009');
INSERT INTO `tsys_menu_role` (`role_code`,`menu_code`,`updater`,`update_datetime`,`remark`,`system_code`) VALUES ('DZTSR20170000000000hhr','SM201704192049030331','admin',now(),NULL,'CD-CDZT000009');
INSERT INTO `tsys_menu_role` (`role_code`,`menu_code`,`updater`,`update_datetime`,`remark`,`system_code`) VALUES ('DZTSR20170000000000hhr','SM2017041920494266687','admin',now(),NULL,'CD-CDZT000009');
INSERT INTO `tsys_menu_role` (`role_code`,`menu_code`,`updater`,`update_datetime`,`remark`,`system_code`) VALUES ('DZTSR20170000000000hhr','SM2017041921000180330','admin',now(),NULL,'CD-CDZT000009');
INSERT INTO `tsys_menu_role` (`role_code`,`menu_code`,`updater`,`update_datetime`,`remark`,`system_code`) VALUES ('DZTSR20170000000000hhr','SM2017041921003965529','admin',now(),NULL,'CD-CDZT000009');
INSERT INTO `tsys_menu_role` (`role_code`,`menu_code`,`updater`,`update_datetime`,`remark`,`system_code`) VALUES ('DZTSR20170000000000hhr','SM2017041921014000235','admin',now(),NULL,'CD-CDZT000009');
INSERT INTO `tsys_menu_role` (`role_code`,`menu_code`,`updater`,`update_datetime`,`remark`,`system_code`) VALUES ('DZTSR20170000000000hhr','SM2017041921362870185','admin',now(),NULL,'CD-CDZT000009');
INSERT INTO `tsys_menu_role` (`role_code`,`menu_code`,`updater`,`update_datetime`,`remark`,`system_code`) VALUES ('DZTSR20170000000000hhr','SM2017041921365573353','admin',now(),NULL,'CD-CDZT000009');
INSERT INTO `tsys_menu_role` (`role_code`,`menu_code`,`updater`,`update_datetime`,`remark`,`system_code`) VALUES ('DZTSR20170000000000hhr','SM201704262047110503','admin',now(),NULL,'CD-CDZT000009');
INSERT INTO `tsys_menu_role` (`role_code`,`menu_code`,`updater`,`update_datetime`,`remark`,`system_code`) VALUES ('DZTSR20170000000000hhr','SM2017042517165331870','admin',now(),NULL,'CD-CDZT000009');
INSERT INTO `tsys_menu_role` (`role_code`,`menu_code`,`updater`,`update_datetime`,`remark`,`system_code`) VALUES ('DZTSR20170000000000hhr','SM2017042517204148441','admin',now(),NULL,'CD-CDZT000009');
INSERT INTO `tsys_menu_role` (`role_code`,`menu_code`,`updater`,`update_datetime`,`remark`,`system_code`) VALUES ('DZTSR20170000000000hhr','SM2017041921022424332','admin',now(),NULL,'CD-CDZT000009');
INSERT INTO `tsys_menu_role` (`role_code`,`menu_code`,`updater`,`update_datetime`,`remark`,`system_code`) VALUES ('DZTSR20170000000000hhr','SM2017041921061513337','admin',now(),NULL,'CD-CDZT000009');
INSERT INTO `tsys_menu_role` (`role_code`,`menu_code`,`updater`,`update_datetime`,`remark`,`system_code`) VALUES ('DZTSR20170000000000hhr','SM2017041921184857460','admin',now(),NULL,'CD-CDZT000009');
INSERT INTO `tsys_menu_role` (`role_code`,`menu_code`,`updater`,`update_datetime`,`remark`,`system_code`) VALUES ('DZTSR20170000000000hhr','SM2017041921190862561','admin',now(),NULL,'CD-CDZT000009');
INSERT INTO `tsys_menu_role` (`role_code`,`menu_code`,`updater`,`update_datetime`,`remark`,`system_code`) VALUES ('DZTSR20170000000000hhr','SM2017041921192958012','admin',now(),NULL,'CD-CDZT000009');
INSERT INTO `tsys_menu_role` (`role_code`,`menu_code`,`updater`,`update_datetime`,`remark`,`system_code`) VALUES ('DZTSR20170000000000hhr','SM2017041921195357862','admin',now(),NULL,'CD-CDZT000009');
INSERT INTO `tsys_menu_role` (`role_code`,`menu_code`,`updater`,`update_datetime`,`remark`,`system_code`) VALUES ('DZTSR20170000000000hhr','SM2017041921201807179','admin',now(),NULL,'CD-CDZT000009');
INSERT INTO `tsys_menu_role` (`role_code`,`menu_code`,`updater`,`update_datetime`,`remark`,`system_code`) VALUES ('DZTSR20170000000000hhr','SM2017041921203940711','admin',now(),NULL,'CD-CDZT000009');
INSERT INTO `tsys_menu_role` (`role_code`,`menu_code`,`updater`,`update_datetime`,`remark`,`system_code`) VALUES ('DZTSR20170000000000hhr','SM201704231310509103','admin',now(),NULL,'CD-CDZT000009');
INSERT INTO `tsys_menu_role` (`role_code`,`menu_code`,`updater`,`update_datetime`,`remark`,`system_code`) VALUES ('DZTSR20170000000000lts','DZTSM201600000000000000','admin',now(),NULL,'CD-CDZT000009');
INSERT INTO `tsys_menu_role` (`role_code`,`menu_code`,`updater`,`update_datetime`,`remark`,`system_code`) VALUES ('DZTSR20170000000000lts','SM2017042514003897048','admin',now(),NULL,'CD-CDZT000009');
INSERT INTO `tsys_menu_role` (`role_code`,`menu_code`,`updater`,`update_datetime`,`remark`,`system_code`) VALUES ('DZTSR20170000000000lts','SM2017042514035535760','admin',now(),NULL,'CD-CDZT000009');
INSERT INTO `tsys_menu_role` (`role_code`,`menu_code`,`updater`,`update_datetime`,`remark`,`system_code`) VALUES ('DZTSR20170000000000lts','SM2017042514090024261','admin',now(),NULL,'CD-CDZT000009');
INSERT INTO `tsys_menu_role` (`role_code`,`menu_code`,`updater`,`update_datetime`,`remark`,`system_code`) VALUES ('DZTSR20170000000000lts','SM2017042514115205636','admin',now(),NULL,'CD-CDZT000009');
INSERT INTO `tsys_menu_role` (`role_code`,`menu_code`,`updater`,`update_datetime`,`remark`,`system_code`) VALUES ('DZTSR20170000000000lts','SM2017042514123545629','admin',now(),NULL,'CD-CDZT000009');
INSERT INTO `tsys_menu_role` (`role_code`,`menu_code`,`updater`,`update_datetime`,`remark`,`system_code`) VALUES ('DZTSR20170000000000lts','SM2017042514242649049','admin',now(),NULL,'CD-CDZT000009');
INSERT INTO `tsys_menu_role` (`role_code`,`menu_code`,`updater`,`update_datetime`,`remark`,`system_code`) VALUES ('DZTSR20170000000000lts','SM2017042514250186372','admin',now(),NULL,'CD-CDZT000009');
INSERT INTO `tsys_menu_role` (`role_code`,`menu_code`,`updater`,`update_datetime`,`remark`,`system_code`) VALUES ('DZTSR20170000000000lts','SM2017042514254055181','admin',now(),NULL,'CD-CDZT000009');
INSERT INTO `tsys_menu_role` (`role_code`,`menu_code`,`updater`,`update_datetime`,`remark`,`system_code`) VALUES ('DZTSR20170000000000lts','SM2017042620494616660','admin',now(),NULL,'CD-CDZT000009');
INSERT INTO `tsys_menu_role` (`role_code`,`menu_code`,`updater`,`update_datetime`,`remark`,`system_code`) VALUES ('DZTSR20170000000000lts','SM2017042514343641244','admin',now(),NULL,'CD-CDZT000009');
INSERT INTO `tsys_menu_role` (`role_code`,`menu_code`,`updater`,`update_datetime`,`remark`,`system_code`) VALUES ('DZTSR20170000000000lts','SM2017042514353921066','admin',now(),NULL,'CD-CDZT000009');
INSERT INTO `tsys_menu_role` (`role_code`,`menu_code`,`updater`,`update_datetime`,`remark`,`system_code`) VALUES ('DZTSR2017041310190267791','DZTSM201600000000000000','admin',now(),NULL,'CD-CDZT000009');
INSERT INTO `tsys_menu_role` (`role_code`,`menu_code`,`updater`,`update_datetime`,`remark`,`system_code`) VALUES ('DZTSR2017041310190267791','DZTSM201600001000000001','admin',now(),NULL,'CD-CDZT000009');
INSERT INTO `tsys_menu_role` (`role_code`,`menu_code`,`updater`,`update_datetime`,`remark`,`system_code`) VALUES ('DZTSR2017041310190267791','DZTSM201600001000000002','admin',now(),NULL,'CD-CDZT000009');
INSERT INTO `tsys_menu_role` (`role_code`,`menu_code`,`updater`,`update_datetime`,`remark`,`system_code`) VALUES ('DZTSR2017041310190267791','DZTSM201600001000000003','admin',now(),NULL,'CD-CDZT000009');
INSERT INTO `tsys_menu_role` (`role_code`,`menu_code`,`updater`,`update_datetime`,`remark`,`system_code`) VALUES ('DZTSR2017041310190267791','DZTSM201600001000000004','admin',now(),NULL,'CD-CDZT000009');
INSERT INTO `tsys_menu_role` (`role_code`,`menu_code`,`updater`,`update_datetime`,`remark`,`system_code`) VALUES ('DZTSR2017041310190267791','DZTSM2017032911200961325','admin',now(),NULL,'CD-CDZT000009');
INSERT INTO `tsys_menu_role` (`role_code`,`menu_code`,`updater`,`update_datetime`,`remark`,`system_code`) VALUES ('DZTSR2017041310190267791','DZTSM2016101716290657836','admin',now(),NULL,'CD-CDZT000009');
INSERT INTO `tsys_menu_role` (`role_code`,`menu_code`,`updater`,`update_datetime`,`remark`,`system_code`) VALUES ('DZTSR2017041310190267791','DZTSM2016101719140087629','admin',now(),NULL,'CD-CDZT000009');
INSERT INTO `tsys_menu_role` (`role_code`,`menu_code`,`updater`,`update_datetime`,`remark`,`system_code`) VALUES ('DZTSR2017041310190267791','DZTSM2016101716295904680','admin',now(),NULL,'CD-CDZT000009');
INSERT INTO `tsys_menu_role` (`role_code`,`menu_code`,`updater`,`update_datetime`,`remark`,`system_code`) VALUES ('DZTSR2017041310190267791','DZTSM2016101719143965297','admin',now(),NULL,'CD-CDZT000009');
INSERT INTO `tsys_menu_role` (`role_code`,`menu_code`,`updater`,`update_datetime`,`remark`,`system_code`) VALUES ('DZTSR2017041310190267791','DZTSM2016101716241339082','admin',now(),NULL,'CD-CDZT000009');
INSERT INTO `tsys_menu_role` (`role_code`,`menu_code`,`updater`,`update_datetime`,`remark`,`system_code`) VALUES ('DZTSR2017041310190267791','DZTSM2016101716253866426','admin',now(),NULL,'CD-CDZT000009');
INSERT INTO `tsys_menu_role` (`role_code`,`menu_code`,`updater`,`update_datetime`,`remark`,`system_code`) VALUES ('DZTSR2017041310190267791','DZTSM2016101716450533995','admin',now(),NULL,'CD-CDZT000009');
INSERT INTO `tsys_menu_role` (`role_code`,`menu_code`,`updater`,`update_datetime`,`remark`,`system_code`) VALUES ('DZTSR2017041310190267791','DZTSM2016101717551955993','admin',now(),NULL,'CD-CDZT000009');
INSERT INTO `tsys_menu_role` (`role_code`,`menu_code`,`updater`,`update_datetime`,`remark`,`system_code`) VALUES ('DZTSR2017041310190267791','DZTSM2016101717560118734','admin',now(),NULL,'CD-CDZT000009');
INSERT INTO `tsys_menu_role` (`role_code`,`menu_code`,`updater`,`update_datetime`,`remark`,`system_code`) VALUES ('DZTSR2017041310190267791','DZTSM2016101717563661357','admin',now(),NULL,'CD-CDZT000009');
INSERT INTO `tsys_menu_role` (`role_code`,`menu_code`,`updater`,`update_datetime`,`remark`,`system_code`) VALUES ('DZTSR2017041310190267791','DZTSM2016101716261754674','admin',now(),NULL,'CD-CDZT000009');
INSERT INTO `tsys_menu_role` (`role_code`,`menu_code`,`updater`,`update_datetime`,`remark`,`system_code`) VALUES ('DZTSR2017041310190267791','DZTSM2016101719082391126','admin',now(),NULL,'CD-CDZT000009');
INSERT INTO `tsys_menu_role` (`role_code`,`menu_code`,`updater`,`update_datetime`,`remark`,`system_code`) VALUES ('DZTSR2017041310190267791','DZTSM2016101719094151894','admin',now(),NULL,'CD-CDZT000009');
INSERT INTO `tsys_menu_role` (`role_code`,`menu_code`,`updater`,`update_datetime`,`remark`,`system_code`) VALUES ('DZTSR2017041310190267791','DZTSM2016101719100760088','admin',now(),NULL,'CD-CDZT000009');
INSERT INTO `tsys_menu_role` (`role_code`,`menu_code`,`updater`,`update_datetime`,`remark`,`system_code`) VALUES ('DZTSR2017041310190267791','DZTSM2016101719110981215','admin',now(),NULL,'CD-CDZT000009');
INSERT INTO `tsys_menu_role` (`role_code`,`menu_code`,`updater`,`update_datetime`,`remark`,`system_code`) VALUES ('DZTSR2017041310190267791','DZTSM2016120610552303416','admin',now(),NULL,'CD-CDZT000009');
INSERT INTO `tsys_menu_role` (`role_code`,`menu_code`,`updater`,`update_datetime`,`remark`,`system_code`) VALUES ('DZTSR2017041310190267791','SM2017041310580307978','admin',now(),NULL,'CD-CDZT000009');
INSERT INTO `tsys_menu_role` (`role_code`,`menu_code`,`updater`,`update_datetime`,`remark`,`system_code`) VALUES ('DZTSR2017041310190267791','SM2017041313190664381','admin',now(),NULL,'CD-CDZT000009');
INSERT INTO `tsys_menu_role` (`role_code`,`menu_code`,`updater`,`update_datetime`,`remark`,`system_code`) VALUES ('DZTSR2017041310190267791','SM201704131320495813','admin',now(),NULL,'CD-CDZT000009');
INSERT INTO `tsys_menu_role` (`role_code`,`menu_code`,`updater`,`update_datetime`,`remark`,`system_code`) VALUES ('DZTSR2017041310190267791','SM2017041313213512694','admin',now(),NULL,'CD-CDZT000009');
INSERT INTO `tsys_menu_role` (`role_code`,`menu_code`,`updater`,`update_datetime`,`remark`,`system_code`) VALUES ('DZTSR2017041310190267791','SM2017041313232948342','admin',now(),NULL,'CD-CDZT000009');
INSERT INTO `tsys_menu_role` (`role_code`,`menu_code`,`updater`,`update_datetime`,`remark`,`system_code`) VALUES ('DZTSR2017041310190267791','SM2017041313262508862','admin',now(),NULL,'CD-CDZT000009');
INSERT INTO `tsys_menu_role` (`role_code`,`menu_code`,`updater`,`update_datetime`,`remark`,`system_code`) VALUES ('DZTSR2017041310190267791','SM2017041313251436962','admin',now(),NULL,'CD-CDZT000009');
INSERT INTO `tsys_menu_role` (`role_code`,`menu_code`,`updater`,`update_datetime`,`remark`,`system_code`) VALUES ('DZTSR2017041310190267791','SM2017041313285641867','admin',now(),NULL,'CD-CDZT000009');
INSERT INTO `tsys_menu_role` (`role_code`,`menu_code`,`updater`,`update_datetime`,`remark`,`system_code`) VALUES ('DZTSR2017041310190267791','SM2017041313295293187','admin',now(),NULL,'CD-CDZT000009');
INSERT INTO `tsys_menu_role` (`role_code`,`menu_code`,`updater`,`update_datetime`,`remark`,`system_code`) VALUES ('DZTSR2017041310190267791','SM2017041313303898011','admin',now(),NULL,'CD-CDZT000009');
INSERT INTO `tsys_menu_role` (`role_code`,`menu_code`,`updater`,`update_datetime`,`remark`,`system_code`) VALUES ('DZTSR2017041310190267791','SM2017041313321297468','admin',now(),NULL,'CD-CDZT000009');
INSERT INTO `tsys_menu_role` (`role_code`,`menu_code`,`updater`,`update_datetime`,`remark`,`system_code`) VALUES ('DZTSR2017041310190267791','SM2017041313332657539','admin',now(),NULL,'CD-CDZT000009');
INSERT INTO `tsys_menu_role` (`role_code`,`menu_code`,`updater`,`update_datetime`,`remark`,`system_code`) VALUES ('DZTSR2017041310190267791','SM2017041313340342897','admin',now(),NULL,'CD-CDZT000009');
INSERT INTO `tsys_menu_role` (`role_code`,`menu_code`,`updater`,`update_datetime`,`remark`,`system_code`) VALUES ('DZTSR2017041310190267791','SM2017041313342945833','admin',now(),NULL,'CD-CDZT000009');
INSERT INTO `tsys_menu_role` (`role_code`,`menu_code`,`updater`,`update_datetime`,`remark`,`system_code`) VALUES ('DZTSR2017041310190267791','SM2017041313350458534','admin',now(),NULL,'CD-CDZT000009');
INSERT INTO `tsys_menu_role` (`role_code`,`menu_code`,`updater`,`update_datetime`,`remark`,`system_code`) VALUES ('DZTSR2017041310190267791','SM2017041313352613588','admin',now(),NULL,'CD-CDZT000009');
INSERT INTO `tsys_menu_role` (`role_code`,`menu_code`,`updater`,`update_datetime`,`remark`,`system_code`) VALUES ('DZTSR2017041310190267791','SM2017041313361961620','admin',now(),NULL,'CD-CDZT000009');
INSERT INTO `tsys_menu_role` (`role_code`,`menu_code`,`updater`,`update_datetime`,`remark`,`system_code`) VALUES ('DZTSR2017041310190267791','SM201704131336403336','admin',now(),NULL,'CD-CDZT000009');
INSERT INTO `tsys_menu_role` (`role_code`,`menu_code`,`updater`,`update_datetime`,`remark`,`system_code`) VALUES ('DZTSR2017041310190267791','SM2017041810123188995','admin',now(),NULL,'CD-CDZT000009');
INSERT INTO `tsys_menu_role` (`role_code`,`menu_code`,`updater`,`update_datetime`,`remark`,`system_code`) VALUES ('DZTSR2017041310190267791','SM2017041810141355763','admin',now(),NULL,'CD-CDZT000009');
INSERT INTO `tsys_menu_role` (`role_code`,`menu_code`,`updater`,`update_datetime`,`remark`,`system_code`) VALUES ('DZTSR2017041310190267791','SM2017041814393731341','admin',now(),NULL,'CD-CDZT000009');
INSERT INTO `tsys_menu_role` (`role_code`,`menu_code`,`updater`,`update_datetime`,`remark`,`system_code`) VALUES ('DZTSR2017041310190267791','SM2017041917023185272','admin',now(),NULL,'CD-CDZT000009');
INSERT INTO `tsys_menu_role` (`role_code`,`menu_code`,`updater`,`update_datetime`,`remark`,`system_code`) VALUES ('DZTSR2017041310190267791','SM2017042620184423521','admin',now(),NULL,'CD-CDZT000009');
INSERT INTO `tsys_menu_role` (`role_code`,`menu_code`,`updater`,`update_datetime`,`remark`,`system_code`) VALUES ('DZTSR2017041310190267791','SM201704131338579643','admin',now(),NULL,'CD-CDZT000009');
INSERT INTO `tsys_menu_role` (`role_code`,`menu_code`,`updater`,`update_datetime`,`remark`,`system_code`) VALUES ('DZTSR2017041310190267791','SM2017041313551484131','admin',now(),NULL,'CD-CDZT000009');
INSERT INTO `tsys_menu_role` (`role_code`,`menu_code`,`updater`,`update_datetime`,`remark`,`system_code`) VALUES ('DZTSR2017041310190267791','SM2017041313560140497','admin',now(),NULL,'CD-CDZT000009');
INSERT INTO `tsys_menu_role` (`role_code`,`menu_code`,`updater`,`update_datetime`,`remark`,`system_code`) VALUES ('DZTSR2017041310190267791','SM2017041313401262363','admin',now(),NULL,'CD-CDZT000009');
INSERT INTO `tsys_menu_role` (`role_code`,`menu_code`,`updater`,`update_datetime`,`remark`,`system_code`) VALUES ('DZTSR2017041310190267791','SM201704131341252732','admin',now(),NULL,'CD-CDZT000009');
INSERT INTO `tsys_menu_role` (`role_code`,`menu_code`,`updater`,`update_datetime`,`remark`,`system_code`) VALUES ('DZTSR2017041310190267791','SM2017041313414410249','admin',now(),NULL,'CD-CDZT000009');
INSERT INTO `tsys_menu_role` (`role_code`,`menu_code`,`updater`,`update_datetime`,`remark`,`system_code`) VALUES ('DZTSR2017041310190267791','SM2017041313420675849','admin',now(),NULL,'CD-CDZT000009');
INSERT INTO `tsys_menu_role` (`role_code`,`menu_code`,`updater`,`update_datetime`,`remark`,`system_code`) VALUES ('DZTSR2017041310190267791','SM2017041313440900776','admin',now(),NULL,'CD-CDZT000009');
INSERT INTO `tsys_menu_role` (`role_code`,`menu_code`,`updater`,`update_datetime`,`remark`,`system_code`) VALUES ('DZTSR2017041310190267791','SM2017041313444131225','admin',now(),NULL,'CD-CDZT000009');
INSERT INTO `tsys_menu_role` (`role_code`,`menu_code`,`updater`,`update_datetime`,`remark`,`system_code`) VALUES ('DZTSR2017041310190267791','SM2017041313453155639','admin',now(),NULL,'CD-CDZT000009');
INSERT INTO `tsys_menu_role` (`role_code`,`menu_code`,`updater`,`update_datetime`,`remark`,`system_code`) VALUES ('DZTSR2017041310190267791','SM2017041313455114042','admin',now(),NULL,'CD-CDZT000009');
INSERT INTO `tsys_menu_role` (`role_code`,`menu_code`,`updater`,`update_datetime`,`remark`,`system_code`) VALUES ('DZTSR2017041310190267791','SM2017042313071486027','admin',now(),NULL,'CD-CDZT000009');
INSERT INTO `tsys_menu_role` (`role_code`,`menu_code`,`updater`,`update_datetime`,`remark`,`system_code`) VALUES ('DZTSR2017041310190267791','SM2017041313480003423','admin',now(),NULL,'CD-CDZT000009');
INSERT INTO `tsys_menu_role` (`role_code`,`menu_code`,`updater`,`update_datetime`,`remark`,`system_code`) VALUES ('DZTSR2017041310190267791','SM2017041313575289597','admin',now(),NULL,'CD-CDZT000009');
INSERT INTO `tsys_menu_role` (`role_code`,`menu_code`,`updater`,`update_datetime`,`remark`,`system_code`) VALUES ('DZTSR2017041310190267791','SM2017041313583558733','admin',now(),NULL,'CD-CDZT000009');
INSERT INTO `tsys_menu_role` (`role_code`,`menu_code`,`updater`,`update_datetime`,`remark`,`system_code`) VALUES ('DZTSR2017041310190267791','SM2017041313590081650','admin',now(),NULL,'CD-CDZT000009');
INSERT INTO `tsys_menu_role` (`role_code`,`menu_code`,`updater`,`update_datetime`,`remark`,`system_code`) VALUES ('DZTSR2017041310190267791','SM2017041313592911077','admin',now(),NULL,'CD-CDZT000009');
INSERT INTO `tsys_menu_role` (`role_code`,`menu_code`,`updater`,`update_datetime`,`remark`,`system_code`) VALUES ('DZTSR2017041310190267791','SM2017041313595671330','admin',now(),NULL,'CD-CDZT000009');
INSERT INTO `tsys_menu_role` (`role_code`,`menu_code`,`updater`,`update_datetime`,`remark`,`system_code`) VALUES ('DZTSR2017041310190267791','SM2017041314002598637','admin',now(),NULL,'CD-CDZT000009');
INSERT INTO `tsys_menu_role` (`role_code`,`menu_code`,`updater`,`update_datetime`,`remark`,`system_code`) VALUES ('DZTSR2017041310190267791','SM2017042313074275811','admin',now(),NULL,'CD-CDZT000009');
INSERT INTO `tsys_menu_role` (`role_code`,`menu_code`,`updater`,`update_datetime`,`remark`,`system_code`) VALUES ('DZTSR2017041310190267791','SM2017051716032194524','admin',now(),NULL,'CD-CDZT000009');
INSERT INTO `tsys_menu_role` (`role_code`,`menu_code`,`updater`,`update_datetime`,`remark`,`system_code`) VALUES ('DZTSR2017041310190267791','SM2017041314014649235','admin',now(),NULL,'CD-CDZT000009');
INSERT INTO `tsys_menu_role` (`role_code`,`menu_code`,`updater`,`update_datetime`,`remark`,`system_code`) VALUES ('DZTSR2017041310190267791','SM2017041314031392992','admin',now(),NULL,'CD-CDZT000009');
INSERT INTO `tsys_menu_role` (`role_code`,`menu_code`,`updater`,`update_datetime`,`remark`,`system_code`) VALUES ('DZTSR2017041310190267791','SM2017041314035766837','admin',now(),NULL,'CD-CDZT000009');
INSERT INTO `tsys_menu_role` (`role_code`,`menu_code`,`updater`,`update_datetime`,`remark`,`system_code`) VALUES ('DZTSR2017041310190267791','SM201704131404385959','admin',now(),NULL,'CD-CDZT000009');
INSERT INTO `tsys_menu_role` (`role_code`,`menu_code`,`updater`,`update_datetime`,`remark`,`system_code`) VALUES ('DZTSR2017041310190267791','SM2017041314054970250','admin',now(),NULL,'CD-CDZT000009');
INSERT INTO `tsys_menu_role` (`role_code`,`menu_code`,`updater`,`update_datetime`,`remark`,`system_code`) VALUES ('DZTSR2017041310190267791','SM2017042313080751050','admin',now(),NULL,'CD-CDZT000009');
INSERT INTO `tsys_menu_role` (`role_code`,`menu_code`,`updater`,`update_datetime`,`remark`,`system_code`) VALUES ('DZTSR2017041310190267791','SM2017041314074364565','admin',now(),NULL,'CD-CDZT000009');
INSERT INTO `tsys_menu_role` (`role_code`,`menu_code`,`updater`,`update_datetime`,`remark`,`system_code`) VALUES ('DZTSR2017041310190267791','SM2017041314120921312','admin',now(),NULL,'CD-CDZT000009');
INSERT INTO `tsys_menu_role` (`role_code`,`menu_code`,`updater`,`update_datetime`,`remark`,`system_code`) VALUES ('DZTSR2017041310190267791','SM2017041410020587767','admin',now(),NULL,'CD-CDZT000009');
INSERT INTO `tsys_menu_role` (`role_code`,`menu_code`,`updater`,`update_datetime`,`remark`,`system_code`) VALUES ('DZTSR2017041310190267791','SM2017041410024359972','admin',now(),NULL,'CD-CDZT000009');
INSERT INTO `tsys_menu_role` (`role_code`,`menu_code`,`updater`,`update_datetime`,`remark`,`system_code`) VALUES ('DZTSR2017041310190267791','SM2017042312561214338','admin',now(),NULL,'CD-CDZT000009');
INSERT INTO `tsys_menu_role` (`role_code`,`menu_code`,`updater`,`update_datetime`,`remark`,`system_code`) VALUES ('DZTSR2017041310190267791','SM2017051815031702548','admin',now(),NULL,'CD-CDZT000009');
INSERT INTO `tsys_menu_role` (`role_code`,`menu_code`,`updater`,`update_datetime`,`remark`,`system_code`) VALUES ('DZTSR2017041310190267791','SM2017041314123980435','admin',now(),NULL,'CD-CDZT000009');
INSERT INTO `tsys_menu_role` (`role_code`,`menu_code`,`updater`,`update_datetime`,`remark`,`system_code`) VALUES ('DZTSR2017041310190267791','SM2017041409583066937','admin',now(),NULL,'CD-CDZT000009');
INSERT INTO `tsys_menu_role` (`role_code`,`menu_code`,`updater`,`update_datetime`,`remark`,`system_code`) VALUES ('DZTSR2017041310190267791','SM2017041409585118929','admin',now(),NULL,'CD-CDZT000009');
INSERT INTO `tsys_menu_role` (`role_code`,`menu_code`,`updater`,`update_datetime`,`remark`,`system_code`) VALUES ('DZTSR2017041310190267791','SM201704231256359499','admin',now(),NULL,'CD-CDZT000009');
INSERT INTO `tsys_menu_role` (`role_code`,`menu_code`,`updater`,`update_datetime`,`remark`,`system_code`) VALUES ('DZTSR2017041310190267791','SM2017042613140617785','admin',now(),NULL,'CD-CDZT000009');
INSERT INTO `tsys_menu_role` (`role_code`,`menu_code`,`updater`,`update_datetime`,`remark`,`system_code`) VALUES ('DZTSR2017041310190267791','SM2017051814284242452','admin',now(),NULL,'CD-CDZT000009');
INSERT INTO `tsys_menu_role` (`role_code`,`menu_code`,`updater`,`update_datetime`,`remark`,`system_code`) VALUES ('DZTSR2017041310190267791','SM201704131414365985','admin',now(),NULL,'CD-CDZT000009');
INSERT INTO `tsys_menu_role` (`role_code`,`menu_code`,`updater`,`update_datetime`,`remark`,`system_code`) VALUES ('DZTSR2017041310190267791','SM2017042314203214968','admin',now(),NULL,'CD-CDZT000009');
INSERT INTO `tsys_menu_role` (`role_code`,`menu_code`,`updater`,`update_datetime`,`remark`,`system_code`) VALUES ('DZTSR2017041310190267791','SM2017051816413494115','admin',now(),NULL,'CD-CDZT000009');
INSERT INTO `tsys_menu_role` (`role_code`,`menu_code`,`updater`,`update_datetime`,`remark`,`system_code`) VALUES ('DZTSR2017041310190267791','SM2017051816423625129','admin',now(),NULL,'CD-CDZT000009');
INSERT INTO `tsys_menu_role` (`role_code`,`menu_code`,`updater`,`update_datetime`,`remark`,`system_code`) VALUES ('DZTSR2017041310190267791','SM2017051821101216785','admin',now(),NULL,'CD-CDZT000009');
INSERT INTO `tsys_menu_role` (`role_code`,`menu_code`,`updater`,`update_datetime`,`remark`,`system_code`) VALUES ('DZTSR2017041310190267791','SM2017041314154096537','admin',now(),NULL,'CD-CDZT000009');
INSERT INTO `tsys_menu_role` (`role_code`,`menu_code`,`updater`,`update_datetime`,`remark`,`system_code`) VALUES ('DZTSR2017041310190267791','SM2017041314165042697','admin',now(),NULL,'CD-CDZT000009');
INSERT INTO `tsys_menu_role` (`role_code`,`menu_code`,`updater`,`update_datetime`,`remark`,`system_code`) VALUES ('DZTSR2017041310190267791','SM2017051815080899184','admin',now(),NULL,'CD-CDZT000009');
INSERT INTO `tsys_menu_role` (`role_code`,`menu_code`,`updater`,`update_datetime`,`remark`,`system_code`) VALUES ('DZTSR2017041310190267791','SM2017051815094123247','admin',now(),NULL,'CD-CDZT000009');


INSERT INTO `tsys_dict` (`system_code`,`type`,`parent_key`,`dkey`,`dvalue`,`updater`,`update_datetime`,`remark`) VALUES ('CD-CDZT000009','0',NULL,'user_status','用户状态','admin',now(),NULL);
INSERT INTO `tsys_dict` (`system_code`,`type`,`parent_key`,`dkey`,`dvalue`,`updater`,`update_datetime`,`remark`) VALUES ('CD-CDZT000009','1','user_status','0','正常','admin',now(),NULL);
INSERT INTO `tsys_dict` (`system_code`,`type`,`parent_key`,`dkey`,`dvalue`,`updater`,`update_datetime`,`remark`) VALUES ('CD-CDZT000009','1','user_status','1','程序锁定','admin',now(),NULL);
INSERT INTO `tsys_dict` (`system_code`,`type`,`parent_key`,`dkey`,`dvalue`,`updater`,`update_datetime`,`remark`) VALUES ('CD-CDZT000009','1','user_status','2','人工锁定','admin',now(),NULL);
INSERT INTO `tsys_dict` (`system_code`,`type`,`parent_key`,`dkey`,`dvalue`,`updater`,`update_datetime`,`remark`) VALUES ('CD-CDZT000009','1','user_status','3','待审核','admin',now(),NULL);
INSERT INTO `tsys_dict` (`system_code`,`type`,`parent_key`,`dkey`,`dvalue`,`updater`,`update_datetime`,`remark`) VALUES ('CD-CDZT000009','1','user_status','4','审核不通过','admin',now(),NULL);

INSERT INTO `tsys_dict` (`system_code`,`type`,`parent_key`,`dkey`,`dvalue`,`updater`,`update_datetime`,`remark`) VALUES ('CD-CDZT000009','0',NULL,'id_kind','证件类型','admin',now(),NULL);
INSERT INTO `tsys_dict` (`system_code`,`type`,`parent_key`,`dkey`,`dvalue`,`updater`,`update_datetime`,`remark`) VALUES ('CD-CDZT000009','1','id_kind','1','身份证','admin',now(),NULL);

INSERT INTO `tsys_dict` (`system_code`,`type`,`parent_key`,`dkey`,`dvalue`,`updater`,`update_datetime`,`remark`) VALUES ('CD-CDZT000009','0',NULL,'role_level','角色等级','admin',now(),NULL);
INSERT INTO `tsys_dict` (`system_code`,`type`,`parent_key`,`dkey`,`dvalue`,`updater`,`update_datetime`,`remark`) VALUES ('CD-CDZT000009','1','role_level','1','运维','admin',now(),NULL);
INSERT INTO `tsys_dict` (`system_code`,`type`,`parent_key`,`dkey`,`dvalue`,`updater`,`update_datetime`,`remark`) VALUES ('CD-CDZT000009','1','role_level','2','运营','admin',now(),NULL);
INSERT INTO `tsys_dict` (`system_code`,`type`,`parent_key`,`dkey`,`dvalue`,`updater`,`update_datetime`,`remark`) VALUES ('CD-CDZT000009','1','role_level','3','客户','admin',now(),NULL);

INSERT INTO `tsys_dict` (`system_code`,`type`,`parent_key`,`dkey`,`dvalue`,`updater`,`update_datetime`,`remark`) VALUES ('CD-CDZT000009','0',NULL,'res_type','资源类型','admin',now(),NULL);
INSERT INTO `tsys_dict` (`system_code`,`type`,`parent_key`,`dkey`,`dvalue`,`updater`,`update_datetime`,`remark`) VALUES ('CD-CDZT000009','1','res_type','1','菜单','admin',now(),NULL);
INSERT INTO `tsys_dict` (`system_code`,`type`,`parent_key`,`dkey`,`dvalue`,`updater`,`update_datetime`,`remark`) VALUES ('CD-CDZT000009','1','res_type','2','按钮','admin',now(),NULL);

INSERT INTO `tsys_dict` (`system_code`,`type`,`parent_key`,`dkey`,`dvalue`,`updater`,`update_datetime`,`remark`) VALUES ('CD-CDZT000009','0',NULL,'lock_direction','锁定方向','admin',now(),NULL);
INSERT INTO `tsys_dict` (`system_code`,`type`,`parent_key`,`dkey`,`dvalue`,`updater`,`update_datetime`,`remark`) VALUES ('CD-CDZT000009','1','lock_direction','1','锁定','admin',now(),NULL);
INSERT INTO `tsys_dict` (`system_code`,`type`,`parent_key`,`dkey`,`dvalue`,`updater`,`update_datetime`,`remark`) VALUES ('CD-CDZT000009','1','lock_direction','2','解锁','admin',now(),NULL);

INSERT INTO `tsys_dict` (`system_code`,`type`,`parent_key`,`dkey`,`dvalue`,`updater`,`update_datetime`,`remark`) VALUES ('CD-CDZT000009','0',NULL,'partner_status','合伙人状态','admin',now(),'');
INSERT INTO `tsys_dict` (`system_code`,`type`,`parent_key`,`dkey`,`dvalue`,`updater`,`update_datetime`,`remark`) VALUES ('CD-CDZT000009','1','partner_status','0','合伙中','admin',now(),'');
INSERT INTO `tsys_dict` (`system_code`,`type`,`parent_key`,`dkey`,`dvalue`,`updater`,`update_datetime`,`remark`) VALUES ('CD-CDZT000009','1','partner_status','2','已解散合伙','admin',now(),'');

INSERT INTO `tsys_dict` (`system_code`,`type`,`parent_key`,`dkey`,`dvalue`,`updater`,`update_datetime`,`remark`) VALUES ('CD-CDZT000009','0',NULL,'news_status','信息状态','admin',now(),NULL);
INSERT INTO `tsys_dict` (`system_code`,`type`,`parent_key`,`dkey`,`dvalue`,`updater`,`update_datetime`,`remark`) VALUES ('CD-CDZT000009','1','news_status','0','待发送','admin',now(),NULL);
INSERT INTO `tsys_dict` (`system_code`,`type`,`parent_key`,`dkey`,`dvalue`,`updater`,`update_datetime`,`remark`) VALUES ('CD-CDZT000009','1','news_status','1','已发送','admin',now(),NULL);
INSERT INTO `tsys_dict` (`system_code`,`type`,`parent_key`,`dkey`,`dvalue`,`updater`,`update_datetime`,`remark`) VALUES ('CD-CDZT000009','1','news_status','2','发送失败','admin',now(),NULL);

INSERT INTO `tsys_dict` (`system_code`,`type`,`parent_key`,`dkey`,`dvalue`,`updater`,`update_datetime`,`remark`) VALUES ('CD-CDZT000009','0',NULL,'user_kind','针对人群','admin',now(),NULL);
INSERT INTO `tsys_dict` (`system_code`,`type`,`parent_key`,`dkey`,`dvalue`,`updater`,`update_datetime`,`remark`) VALUES ('CD-CDZT000009','1','user_kind','1','C端用户','admin',now(),NULL);
INSERT INTO `tsys_dict` (`system_code`,`type`,`parent_key`,`dkey`,`dvalue`,`updater`,`update_datetime`,`remark`) VALUES ('CD-CDZT000009','1','user_kind','2','B端用户','admin',now(),NULL);
INSERT INTO `tsys_dict` (`system_code`,`type`,`parent_key`,`dkey`,`dvalue`,`updater`,`update_datetime`,`remark`) VALUES ('CD-CDZT000009','1','user_kind','3','平台用户','admin',now(),NULL);

INSERT INTO `tsys_dict` (`system_code`,`type`,`parent_key`,`dkey`,`dvalue`,`updater`,`update_datetime`,`remark`) VALUES ('CD-CDZT000009','0',NULL,'notice_status','公告状态','admin',now(),NULL);
INSERT INTO `tsys_dict` (`system_code`,`type`,`parent_key`,`dkey`,`dvalue`,`updater`,`update_datetime`,`remark`) VALUES ('CD-CDZT000009','1','notice_status','0','未发布','admin',now(),NULL);
INSERT INTO `tsys_dict` (`system_code`,`type`,`parent_key`,`dkey`,`dvalue`,`updater`,`update_datetime`,`remark`) VALUES ('CD-CDZT000009','1','notice_status','1','已发布','admin',now(),NULL);
INSERT INTO `tsys_dict` (`system_code`,`type`,`parent_key`,`dkey`,`dvalue`,`updater`,`update_datetime`,`remark`) VALUES ('CD-CDZT000009','1','notice_status','2','已下架','admin',now(),NULL);

INSERT INTO `tsys_dict` (`system_code`,`type`,`parent_key`,`dkey`,`dvalue`,`updater`,`update_datetime`,`remark`) VALUES ('CD-CDZT000009','0','','currency_type','币种状态','admin',now(),'');
INSERT INTO `tsys_dict` (`system_code`,`type`,`parent_key`,`dkey`,`dvalue`,`updater`,`update_datetime`,`remark`) VALUES ('CD-CDZT000009','1','currency_type','CNY','人民币','admin',now(),'');
INSERT INTO `tsys_dict` (`system_code`,`type`,`parent_key`,`dkey`,`dvalue`,`updater`,`update_datetime`,`remark`) VALUES ('CD-CDZT000009','1','currency_type','JF','积分','admin',now(),'');

INSERT INTO `tsys_dict` (`type`,`parent_key`,`dkey`,`dvalue`,`updater`,`update_datetime`,`remark`,`system_code`) VALUES ('0',NULL,'jour_status','流水状态','admin',now(),'','CD-CDZT000009');
INSERT INTO `tsys_dict` (`type`,`parent_key`,`dkey`,`dvalue`,`updater`,`update_datetime`,`remark`,`system_code`) VALUES ('1','jour_status','1','待对账','admin',now(),'','CD-CDZT000009');
INSERT INTO `tsys_dict` (`type`,`parent_key`,`dkey`,`dvalue`,`updater`,`update_datetime`,`remark`,`system_code`) VALUES ('1','jour_status','3','已对账且账已平','admin',now(),'','CD-CDZT000009');
INSERT INTO `tsys_dict` (`type`,`parent_key`,`dkey`,`dvalue`,`updater`,`update_datetime`,`remark`,`system_code`) VALUES ('1','jour_status','4','账不平待调账','admin',now(),'','CD-CDZT000009');
INSERT INTO `tsys_dict` (`type`,`parent_key`,`dkey`,`dvalue`,`updater`,`update_datetime`,`remark`,`system_code`) VALUES ('1','jour_status','5','已调账','admin',now(),'','CD-CDZT000009');
INSERT INTO `tsys_dict` (`type`,`parent_key`,`dkey`,`dvalue`,`updater`,`update_datetime`,`remark`,`system_code`) VALUES ('1','jour_status','6','无需对账','admin',now(),'','CD-CDZT000009');

INSERT INTO `tsys_dict` (`type`,`parent_key`,`dkey`,`dvalue`,`updater`,`update_datetime`,`remark`,`system_code`) VALUES ('0',NULL,'channel_type','渠道类型','admin',now(),'','CD-CDZT000009');
INSERT INTO `tsys_dict` (`type`,`parent_key`,`dkey`,`dvalue`,`updater`,`update_datetime`,`remark`,`system_code`) VALUES ('1','channel_type','0','内部账','admin',now(),'','CD-CDZT000009');
INSERT INTO `tsys_dict` (`type`,`parent_key`,`dkey`,`dvalue`,`updater`,`update_datetime`,`remark`,`system_code`) VALUES ('1','channel_type','35','微信H5支付','admin',now(),'','CD-CDZT000009');
INSERT INTO `tsys_dict` (`type`,`parent_key`,`dkey`,`dvalue`,`updater`,`update_datetime`,`remark`,`system_code`) VALUES ('1','channel_type','90','人工线下','admin',now(),'','CD-CDZT000009');

INSERT INTO `tsys_dict` (`system_code`,`type`,`parent_key`,`dkey`,`dvalue`,`updater`,`update_datetime`,`remark`) VALUES ('CD-CDZT000009','0','','biz_type','业务类型','admin',now(),'');
INSERT INTO `tsys_dict` (`system_code`,`type`,`parent_key`,`dkey`,`dvalue`,`updater`,`update_datetime`,`remark`) VALUES ('CD-CDZT000009','1','biz_type','11','充值','admin',now(),'');
INSERT INTO `tsys_dict` (`system_code`,`type`,`parent_key`,`dkey`,`dvalue`,`updater`,`update_datetime`,`remark`) VALUES ('CD-CDZT000009','1','biz_type','-11','取现','admin',now(),'');
INSERT INTO `tsys_dict` (`system_code`,`type`,`parent_key`,`dkey`,`dvalue`,`updater`,`update_datetime`,`remark`) VALUES ('CD-CDZT000009','1','biz_type','19','蓝补','admin',now(),'');
INSERT INTO `tsys_dict` (`system_code`,`type`,`parent_key`,`dkey`,`dvalue`,`updater`,`update_datetime`,`remark`) VALUES ('CD-CDZT000009','1','biz_type','-19','红冲','admin',now(),'');
INSERT INTO `tsys_dict` (`system_code`,`type`,`parent_key`,`dkey`,`dvalue`,`updater`,`update_datetime`,`remark`) VALUES ('CD-CDZT000009','1','biz_type','GW','购物','admin',now(),'');
INSERT INTO `tsys_dict` (`system_code`,`type`,`parent_key`,`dkey`,`dvalue`,`updater`,`update_datetime`,`remark`) VALUES ('CD-CDZT000009','1','biz_type','GWTK','购物退款','admin',now(),'');
INSERT INTO `tsys_dict` (`system_code`,`type`,`parent_key`,`dkey`,`dvalue`,`updater`,`update_datetime`,`remark`) VALUES ('CD-CDZT000009','1','biz_type','HHRFC','合伙人分成','admin',now(),'');
INSERT INTO `tsys_dict` (`system_code`,`type`,`parent_key`,`dkey`,`dvalue`,`updater`,`update_datetime`,`remark`) VALUES ('CD-CDZT000009','1','biz_type','LTSFC','量体师分成','admin',now(),'');

INSERT INTO `tsys_dict` (`system_code`,`type`,`parent_key`,`dkey`,`dvalue`,`updater`,`update_datetime`,`remark`) VALUES ('CD-CDZT000009','0','','account_status','用户/账户状态','admin',now(),NULL);
INSERT INTO `tsys_dict` (`system_code`,`type`,`parent_key`,`dkey`,`dvalue`,`updater`,`update_datetime`,`remark`) VALUES ('CD-CDZT000009','1','account_status','0','正常','admin',now(),NULL);
INSERT INTO `tsys_dict` (`system_code`,`type`,`parent_key`,`dkey`,`dvalue`,`updater`,`update_datetime`,`remark`) VALUES ('CD-CDZT000009','1','account_status','1','程序冻结','admin',now(),NULL);
INSERT INTO `tsys_dict` (`system_code`,`type`,`parent_key`,`dkey`,`dvalue`,`updater`,`update_datetime`,`remark`) VALUES ('CD-CDZT000009','1','account_status','2','人工冻结','admin',now(),NULL);

INSERT INTO `tsys_dict` (`system_code`,`type`,`parent_key`,`dkey`,`dvalue`,`updater`,`update_datetime`,`remark`) VALUES ('CD-CDZT000009','0','','product_parent','产品规格父菜单','admin',now(),'');
INSERT INTO `tsys_dict` (`system_code`,`type`,`parent_key`,`dkey`,`dvalue`,`updater`,`update_datetime`,`remark`) VALUES ('CD-CDZT000009','1','product_parent','12','面料','admin',now(),'');
INSERT INTO `tsys_dict` (`system_code`,`type`,`parent_key`,`dkey`,`dvalue`,`updater`,`update_datetime`,`remark`) VALUES ('CD-CDZT000009','1','product_parent','11','规格','admin',now(),'');
INSERT INTO `tsys_dict` (`system_code`,`type`,`parent_key`,`dkey`,`dvalue`,`updater`,`update_datetime`,`remark`) VALUES ('CD-CDZT000009','1','product_parent','13','领型','admin',now(),'');
INSERT INTO `tsys_dict` (`system_code`,`type`,`parent_key`,`dkey`,`dvalue`,`updater`,`update_datetime`,`remark`) VALUES ('CD-CDZT000009','1','product_parent','14','袖型','admin',now(),'');
INSERT INTO `tsys_dict` (`system_code`,`type`,`parent_key`,`dkey`,`dvalue`,`updater`,`update_datetime`,`remark`) VALUES ('CD-CDZT000009','1','product_parent','15','门襟','admin',now(),'');
INSERT INTO `tsys_dict` (`system_code`,`type`,`parent_key`,`dkey`,`dvalue`,`updater`,`update_datetime`,`remark`) VALUES ('CD-CDZT000009','1','product_parent','16','下摆','admin',now(),'');
INSERT INTO `tsys_dict` (`system_code`,`type`,`parent_key`,`dkey`,`dvalue`,`updater`,`update_datetime`,`remark`) VALUES ('CD-CDZT000009','1','product_parent','17','收省','admin',now(),'');
INSERT INTO `tsys_dict` (`system_code`,`type`,`parent_key`,`dkey`,`dvalue`,`updater`,`update_datetime`,`remark`) VALUES ('CD-CDZT000009','1','product_parent','18','领口颜色','admin',now(),'');
INSERT INTO `tsys_dict` (`system_code`,`type`,`parent_key`,`dkey`,`dvalue`,`updater`,`update_datetime`,`remark`) VALUES ('CD-CDZT000009','1','product_parent','20','纽扣','admin',now(),'');
INSERT INTO `tsys_dict` (`system_code`,`type`,`parent_key`,`dkey`,`dvalue`,`updater`,`update_datetime`,`remark`) VALUES ('CD-CDZT000009','1','product_parent','21','纽扣颜色','admin',now(),'');

INSERT INTO `tsys_dict` (`system_code`,`type`,`parent_key`,`dkey`,`dvalue`,`updater`,`update_datetime`,`remark`) VALUES ('CD-CDZT000009','0','','order_status','订单状态','admin',now(),'');
INSERT INTO `tsys_dict` (`system_code`,`type`,`parent_key`,`dkey`,`dvalue`,`updater`,`update_datetime`,`remark`) VALUES ('CD-CDZT000009','1','order_status','1','待量体','admin',now(),'');
INSERT INTO `tsys_dict` (`system_code`,`type`,`parent_key`,`dkey`,`dvalue`,`updater`,`update_datetime`,`remark`) VALUES ('CD-CDZT000009','1','order_status','2','已定价','admin',now(),'');
INSERT INTO `tsys_dict` (`system_code`,`type`,`parent_key`,`dkey`,`dvalue`,`updater`,`update_datetime`,`remark`) VALUES ('CD-CDZT000009','1','order_status','3','已支付','admin',now(),'');
INSERT INTO `tsys_dict` (`system_code`,`type`,`parent_key`,`dkey`,`dvalue`,`updater`,`update_datetime`,`remark`) VALUES ('CD-CDZT000009','1','order_status','4','待复核','admin',now(),'');
INSERT INTO `tsys_dict` (`system_code`,`type`,`parent_key`,`dkey`,`dvalue`,`updater`,`update_datetime`,`remark`) VALUES ('CD-CDZT000009','1','order_status','5','待生产','admin',now(),'');
INSERT INTO `tsys_dict` (`system_code`,`type`,`parent_key`,`dkey`,`dvalue`,`updater`,`update_datetime`,`remark`) VALUES ('CD-CDZT000009','1','order_status','6','生产中','admin',now(),'');
INSERT INTO `tsys_dict` (`system_code`,`type`,`parent_key`,`dkey`,`dvalue`,`updater`,`update_datetime`,`remark`) VALUES ('CD-CDZT000009','1','order_status','7','已发货','admin',now(),'');
INSERT INTO `tsys_dict` (`system_code`,`type`,`parent_key`,`dkey`,`dvalue`,`updater`,`update_datetime`,`remark`) VALUES ('CD-CDZT000009','1','order_status','8','已收货','admin',now(),'');
INSERT INTO `tsys_dict` (`system_code`,`type`,`parent_key`,`dkey`,`dvalue`,`updater`,`update_datetime`,`remark`) VALUES ('CD-CDZT000009','1','order_status','9','取消订单','admin',now(),'');

INSERT INTO `tsys_dict` (`system_code`,`type`,`parent_key`,`dkey`,`dvalue`,`updater`,`update_datetime`,`remark`) VALUES ('CD-CDZT000009','0','','wl_company','物流公司','admin',now(),'');
INSERT INTO `tsys_dict` (`system_code`,`type`,`parent_key`,`dkey`,`dvalue`,`updater`,`update_datetime`,`remark`) VALUES ('CD-CDZT000009','1','wl_company','EMS','邮政EMS','admin',now(),'');
INSERT INTO `tsys_dict` (`system_code`,`type`,`parent_key`,`dkey`,`dvalue`,`updater`,`update_datetime`,`remark`) VALUES ('CD-CDZT000009','1','wl_company','STO','申通快递','admin',now(),'');
INSERT INTO `tsys_dict` (`system_code`,`type`,`parent_key`,`dkey`,`dvalue`,`updater`,`update_datetime`,`remark`) VALUES ('CD-CDZT000009','1','wl_company','ZTO','中通快递','admin',now(),'');
INSERT INTO `tsys_dict` (`system_code`,`type`,`parent_key`,`dkey`,`dvalue`,`updater`,`update_datetime`,`remark`) VALUES ('CD-CDZT000009','1','wl_company','YTO','圆通快递','admin',now(),'');
INSERT INTO `tsys_dict` (`system_code`,`type`,`parent_key`,`dkey`,`dvalue`,`updater`,`update_datetime`,`remark`) VALUES ('CD-CDZT000009','1','wl_company','HTKY','汇通快递','admin',now(),'');
INSERT INTO `tsys_dict` (`system_code`,`type`,`parent_key`,`dkey`,`dvalue`,`updater`,`update_datetime`,`remark`) VALUES ('CD-CDZT000009','1','wl_company','ZJS','宅急送','admin',now(),'');
INSERT INTO `tsys_dict` (`system_code`,`type`,`parent_key`,`dkey`,`dvalue`,`updater`,`update_datetime`,`remark`) VALUES ('CD-CDZT000009','1','wl_company','SF','顺丰快递','admin',now(),'');
INSERT INTO `tsys_dict` (`system_code`,`type`,`parent_key`,`dkey`,`dvalue`,`updater`,`update_datetime`,`remark`) VALUES ('CD-CDZT000009','1','wl_company','TTKD','天天快递','admin',now(),'');

INSERT INTO `tsys_dict` (`system_code`,`type`,`parent_key`,`dkey`,`dvalue`,`updater`,`update_datetime`,`remark`) VALUES ('CD-CDZT000009','0','','m_type','型号参数','admin',now(),'');
INSERT INTO `tsys_dict` (`system_code`,`type`,`parent_key`,`dkey`,`dvalue`,`updater`,`update_datetime`,`remark`) VALUES ('CD-CDZT000009','1','m_type','1','80支棉','admin',now(),'');
INSERT INTO `tsys_dict` (`system_code`,`type`,`parent_key`,`dkey`,`dvalue`,`updater`,`update_datetime`,`remark`) VALUES ('CD-CDZT000009','1','m_type','2','100支棉','admin',now(),'');
INSERT INTO `tsys_dict` (`system_code`,`type`,`parent_key`,`dkey`,`dvalue`,`updater`,`update_datetime`,`remark`) VALUES ('CD-CDZT000009','1','m_type','3','棉真丝','admin',now(),'');
INSERT INTO `tsys_dict` (`system_code`,`type`,`parent_key`,`dkey`,`dvalue`,`updater`,`update_datetime`,`remark`) VALUES ('CD-CDZT000009','1','m_type','4','棉弹力','admin',now(),'');

INSERT INTO `tsys_dict` (`system_code`,`type`,`parent_key`,`dkey`,`dvalue`,`updater`,`update_datetime`,`remark`) VALUES ('CD-CDZT000009','0',NULL,'bank_code','银行名称code','admin',now(),NULL);
INSERT INTO `tsys_dict` (`system_code`,`type`,`parent_key`,`dkey`,`dvalue`,`updater`,`update_datetime`,`remark`) VALUES ('CD-CDZT000009','1','bank_code','CBC','中国建设银行','admin',now(),NULL);
INSERT INTO `tsys_dict` (`system_code`,`type`,`parent_key`,`dkey`,`dvalue`,`updater`,`update_datetime`,`remark`) VALUES ('CD-CDZT000009','1','bank_code','ABC','中国农业银行','admin',now(),NULL);

INSERT INTO `tsys_dict` (`system_code`,`type`,`parent_key`,`dkey`,`dvalue`,`updater`,`update_datetime`,`remark`) VALUES ('CD-CDZT000009','0','','measure','量体数据','admin',now(),'');
INSERT INTO `tsys_dict` (`system_code`,`type`,`parent_key`,`dkey`,`dvalue`,`updater`,`update_datetime`,`remark`) VALUES ('CD-CDZT000009','1','measure','1-1','衬衫规格','admin',now(),'');
INSERT INTO `tsys_dict` (`system_code`,`type`,`parent_key`,`dkey`,`dvalue`,`updater`,`update_datetime`,`remark`) VALUES ('CD-CDZT000009','2','measure','1-2','衬衫面料','admin',now(),'');
INSERT INTO `tsys_dict` (`system_code`,`type`,`parent_key`,`dkey`,`dvalue`,`updater`,`update_datetime`,`remark`) VALUES ('CD-CDZT000009','3','measure','1-3','领型选择','admin',now(),'');
INSERT INTO `tsys_dict` (`system_code`,`type`,`parent_key`,`dkey`,`dvalue`,`updater`,`update_datetime`,`remark`) VALUES ('CD-CDZT000009','4','measure','1-4','袖型选择','admin',now(),'');
INSERT INTO `tsys_dict` (`system_code`,`type`,`parent_key`,`dkey`,`dvalue`,`updater`,`update_datetime`,`remark`) VALUES ('CD-CDZT000009','5','measure','1-5','门襟选择','admin',now(),'');
INSERT INTO `tsys_dict` (`system_code`,`type`,`parent_key`,`dkey`,`dvalue`,`updater`,`update_datetime`,`remark`) VALUES ('CD-CDZT000009','6','measure','1-6','下摆选择','admin',now(),'');
INSERT INTO `tsys_dict` (`system_code`,`type`,`parent_key`,`dkey`,`dvalue`,`updater`,`update_datetime`,`remark`) VALUES ('CD-CDZT000009','7','measure','1-7','收省选择','admin',now(),'');
INSERT INTO `tsys_dict` (`system_code`,`type`,`parent_key`,`dkey`,`dvalue`,`updater`,`update_datetime`,`remark`) VALUES ('CD-CDZT000009','8','measure','1-8','领口颜色','admin',now(),'');
INSERT INTO `tsys_dict` (`system_code`,`type`,`parent_key`,`dkey`,`dvalue`,`updater`,`update_datetime`,`remark`) VALUES ('CD-CDZT000009','9','measure','1-9','口袋选择','admin',now(),'');
INSERT INTO `tsys_dict` (`system_code`,`type`,`parent_key`,`dkey`,`dvalue`,`updater`,`update_datetime`,`remark`) VALUES ('CD-CDZT000009','1','measure','1-10','纽扣选择','admin',now(),'');
INSERT INTO `tsys_dict` (`system_code`,`type`,`parent_key`,`dkey`,`dvalue`,`updater`,`update_datetime`,`remark`) VALUES ('CD-CDZT000009','1','measure','1-11','纽扣颜色','admin',now(),'');
INSERT INTO `tsys_dict` (`system_code`,`type`,`parent_key`,`dkey`,`dvalue`,`updater`,`update_datetime`,`remark`) VALUES ('CD-CDZT000009','1','measure','2-1','领围测量','admin',now(),'');
INSERT INTO `tsys_dict` (`system_code`,`type`,`parent_key`,`dkey`,`dvalue`,`updater`,`update_datetime`,`remark`) VALUES ('CD-CDZT000009','1','measure','2-2','胸围测量','admin',now(),'');
INSERT INTO `tsys_dict` (`system_code`,`type`,`parent_key`,`dkey`,`dvalue`,`updater`,`update_datetime`,`remark`) VALUES ('CD-CDZT000009','1','measure','2-3','腰围测量','admin',now(),'');
INSERT INTO `tsys_dict` (`system_code`,`type`,`parent_key`,`dkey`,`dvalue`,`updater`,`update_datetime`,`remark`) VALUES ('CD-CDZT000009','1','measure','2-4','臀围测量','admin',now(),'');
INSERT INTO `tsys_dict` (`system_code`,`type`,`parent_key`,`dkey`,`dvalue`,`updater`,`update_datetime`,`remark`) VALUES ('CD-CDZT000009','1','measure','2-5','肩宽测量','admin',now(),'');
INSERT INTO `tsys_dict` (`system_code`,`type`,`parent_key`,`dkey`,`dvalue`,`updater`,`update_datetime`,`remark`) VALUES ('CD-CDZT000009','1','measure','2-6','衣长测量','admin',now(),'');
INSERT INTO `tsys_dict` (`system_code`,`type`,`parent_key`,`dkey`,`dvalue`,`updater`,`update_datetime`,`remark`) VALUES ('CD-CDZT000009','1','measure','2-7','袖长测量','admin',now(),'');
INSERT INTO `tsys_dict` (`system_code`,`type`,`parent_key`,`dkey`,`dvalue`,`updater`,`update_datetime`,`remark`) VALUES ('CD-CDZT000009','1','measure','2-8','臀围测量','admin',now(),'');
INSERT INTO `tsys_dict` (`system_code`,`type`,`parent_key`,`dkey`,`dvalue`,`updater`,`update_datetime`,`remark`) VALUES ('CD-CDZT000009','2','measure','2-9','腕围测量','admin',now(),'');
INSERT INTO `tsys_dict` (`system_code`,`type`,`parent_key`,`dkey`,`dvalue`,`updater`,`update_datetime`,`remark`) VALUES ('CD-CDZT000009','2','measure','2-10','领围成衣','admin',now(),'');
INSERT INTO `tsys_dict` (`system_code`,`type`,`parent_key`,`dkey`,`dvalue`,`updater`,`update_datetime`,`remark`) VALUES ('CD-CDZT000009','2','measure','2-11','胸围成衣','admin',now(),'');
INSERT INTO `tsys_dict` (`system_code`,`type`,`parent_key`,`dkey`,`dvalue`,`updater`,`update_datetime`,`remark`) VALUES ('CD-CDZT000009','2','measure','2-12','腰围成衣','admin',now(),'');
INSERT INTO `tsys_dict` (`system_code`,`type`,`parent_key`,`dkey`,`dvalue`,`updater`,`update_datetime`,`remark`) VALUES ('CD-CDZT000009','2','measure','2-13','臀围成衣','admin',now(),'');
INSERT INTO `tsys_dict` (`system_code`,`type`,`parent_key`,`dkey`,`dvalue`,`updater`,`update_datetime`,`remark`) VALUES ('CD-CDZT000009','2','measure','2-14','肩宽成衣','admin',now(),'');
INSERT INTO `tsys_dict` (`system_code`,`type`,`parent_key`,`dkey`,`dvalue`,`updater`,`update_datetime`,`remark`) VALUES ('CD-CDZT000009','2','measure','2-15','衣长成衣','admin',now(),'');
INSERT INTO `tsys_dict` (`system_code`,`type`,`parent_key`,`dkey`,`dvalue`,`updater`,`update_datetime`,`remark`) VALUES ('CD-CDZT000009','2','measure','2-16','袖长成衣','admin',now(),'');
INSERT INTO `tsys_dict` (`system_code`,`type`,`parent_key`,`dkey`,`dvalue`,`updater`,`update_datetime`,`remark`) VALUES ('CD-CDZT000009','2','measure','2-17','臀围成衣','admin',now(),'');
INSERT INTO `tsys_dict` (`system_code`,`type`,`parent_key`,`dkey`,`dvalue`,`updater`,`update_datetime`,`remark`) VALUES ('CD-CDZT000009','2','measure','2-18','腕围成衣','admin',now(),'');
INSERT INTO `tsys_dict` (`system_code`,`type`,`parent_key`,`dkey`,`dvalue`,`updater`,`update_datetime`,`remark`) VALUES ('CD-CDZT000009','3','measure','4-1','体型','admin',now(),'');
INSERT INTO `tsys_dict` (`system_code`,`type`,`parent_key`,`dkey`,`dvalue`,`updater`,`update_datetime`,`remark`) VALUES ('CD-CDZT000009','3','measure','4-2','前胸宽','admin',now(),'');
INSERT INTO `tsys_dict` (`system_code`,`type`,`parent_key`,`dkey`,`dvalue`,`updater`,`update_datetime`,`remark`) VALUES ('CD-CDZT000009','3','measure','4-3','后背宽','admin',now(),'');
INSERT INTO `tsys_dict` (`system_code`,`type`,`parent_key`,`dkey`,`dvalue`,`updater`,`update_datetime`,`remark`) VALUES ('CD-CDZT000009','3','measure','4-4','中臀围','admin',now(),'');
INSERT INTO `tsys_dict` (`system_code`,`type`,`parent_key`,`dkey`,`dvalue`,`updater`,`update_datetime`,`remark`) VALUES ('CD-CDZT000009','3','measure','4-5','肩斜量','admin',now(),'');
INSERT INTO `tsys_dict` (`system_code`,`type`,`parent_key`,`dkey`,`dvalue`,`updater`,`update_datetime`,`remark`) VALUES ('CD-CDZT000009','3','measure','4-6','腹部量','admin',now(),'');
INSERT INTO `tsys_dict` (`system_code`,`type`,`parent_key`,`dkey`,`dvalue`,`updater`,`update_datetime`,`remark`) VALUES ('CD-CDZT000009','3','measure','4-7','脖子','admin',now(),'');
INSERT INTO `tsys_dict` (`system_code`,`type`,`parent_key`,`dkey`,`dvalue`,`updater`,`update_datetime`,`remark`) VALUES ('CD-CDZT000009','3','measure','4-8','背部','admin',now(),'');
INSERT INTO `tsys_dict` (`system_code`,`type`,`parent_key`,`dkey`,`dvalue`,`updater`,`update_datetime`,`remark`) VALUES ('CD-CDZT000009','3','measure','5-1','个性刺绣','admin',now(),'');
INSERT INTO `tsys_dict` (`system_code`,`type`,`parent_key`,`dkey`,`dvalue`,`updater`,`update_datetime`,`remark`) VALUES ('CD-CDZT000009','3','measure','5-2','刺绣位置','admin',now(),'');
INSERT INTO `tsys_dict` (`system_code`,`type`,`parent_key`,`dkey`,`dvalue`,`updater`,`update_datetime`,`remark`) VALUES ('CD-CDZT000009','4','measure','5-3','刺绣字体','admin',now(),'');
INSERT INTO `tsys_dict` (`system_code`,`type`,`parent_key`,`dkey`,`dvalue`,`updater`,`update_datetime`,`remark`) VALUES ('CD-CDZT000009','4','measure','5-4','刺绣颜色','admin',now(),'');
INSERT INTO `tsys_dict` (`system_code`,`type`,`parent_key`,`dkey`,`dvalue`,`updater`,`update_datetime`,`remark`) VALUES ('CD-CDZT000009','4','measure','6-1','年龄','admin',now(),'');
INSERT INTO `tsys_dict` (`system_code`,`type`,`parent_key`,`dkey`,`dvalue`,`updater`,`update_datetime`,`remark`) VALUES ('CD-CDZT000009','4','measure','6-2','身高','admin',now(),'');
INSERT INTO `tsys_dict` (`system_code`,`type`,`parent_key`,`dkey`,`dvalue`,`updater`,`update_datetime`,`remark`) VALUES ('CD-CDZT000009','4','measure','6-3','体重','admin',now(),'');
INSERT INTO `tsys_dict` (`system_code`,`type`,`parent_key`,`dkey`,`dvalue`,`updater`,`update_datetime`,`remark`) VALUES ('CD-CDZT000009','4','measure','6-4','邮寄地址','admin',now(),'');
INSERT INTO `tsys_dict` (`system_code`,`type`,`parent_key`,`dkey`,`dvalue`,`updater`,`update_datetime`,`remark`) VALUES ('CD-CDZT000009','4','measure','6-5','备注','admin',now(),'');

INSERT INTO `tsys_dict` (`system_code`,`type`,`parent_key`,`dkey`,`dvalue`,`updater`,`update_datetime`,`remark`) VALUES ('CD-CDZT000009','0','','account_kind','账户类型','admin',now(),'');
INSERT INTO `tsys_dict` (`system_code`,`type`,`parent_key`,`dkey`,`dvalue`,`updater`,`update_datetime`,`remark`) VALUES ('CD-CDZT000009','1','account_kind','C','C端用户 ','admin',now(),'');
INSERT INTO `tsys_dict` (`system_code`,`type`,`parent_key`,`dkey`,`dvalue`,`updater`,`update_datetime`,`remark`) VALUES ('CD-CDZT000009','1','account_kind','B','B端用户','admin',now(),'');
INSERT INTO `tsys_dict` (`system_code`,`type`,`parent_key`,`dkey`,`dvalue`,`updater`,`update_datetime`,`remark`) VALUES ('CD-CDZT000009','1','account_kind','P','平台','admin',now(),'');
INSERT INTO `tsys_dict` (`system_code`,`type`,`parent_key`,`dkey`,`dvalue`,`updater`,`update_datetime`,`remark`) VALUES ('CD-CDZT000009','1','account_kind','PA','合伙人','admin',now(),'');

INSERT INTO `tsys_dict` (`type`,`parent_key`,`dkey`,`dvalue`,`updater`,`update_datetime`,`remark`,`system_code`) VALUES ('0',NULL,'withdraw_status','取现订单状态','admin',now(),'','CD-CDZT000009');
INSERT INTO `tsys_dict` (`type`,`parent_key`,`dkey`,`dvalue`,`updater`,`update_datetime`,`remark`,`system_code`) VALUES ('1','withdraw_status','1','待审批','admin',now(),'','CD-CDZT000009');
INSERT INTO `tsys_dict` (`type`,`parent_key`,`dkey`,`dvalue`,`updater`,`update_datetime`,`remark`,`system_code`) VALUES ('1','withdraw_status','2','审批不通过','admin',now(),'','CD-CDZT000009');
INSERT INTO `tsys_dict` (`type`,`parent_key`,`dkey`,`dvalue`,`updater`,`update_datetime`,`remark`,`system_code`) VALUES ('1','withdraw_status','3','审批通过待支付','admin',now(),'','CD-CDZT000009');
INSERT INTO `tsys_dict` (`type`,`parent_key`,`dkey`,`dvalue`,`updater`,`update_datetime`,`remark`,`system_code`) VALUES ('1','withdraw_status','4','支付失败','admin',now(),'','CD-CDZT000009');
INSERT INTO `tsys_dict` (`type`,`parent_key`,`dkey`,`dvalue`,`updater`,`update_datetime`,`remark`,`system_code`) VALUES ('1','withdraw_status','5','支付成功','admin',now(),'','CD-CDZT000009');

INSERT INTO `tsys_dict` (`type`,`parent_key`,`dkey`,`dvalue`,`updater`,`update_datetime`,`remark`,`system_code`) VALUES ('0',NULL,'charge_status','充值订单状态','admin',now(),'','CD-CDZT000009');
INSERT INTO `tsys_dict` (`type`,`parent_key`,`dkey`,`dvalue`,`updater`,`update_datetime`,`remark`,`system_code`) VALUES ('1','charge_status','1','待支付','admin',now(),'','CD-CDZT000009');
INSERT INTO `tsys_dict` (`type`,`parent_key`,`dkey`,`dvalue`,`updater`,`update_datetime`,`remark`,`system_code`) VALUES ('1','charge_status','2','支付失败','admin',now(),'','CD-CDZT000009');
INSERT INTO `tsys_dict` (`type`,`parent_key`,`dkey`,`dvalue`,`updater`,`update_datetime`,`remark`,`system_code`) VALUES ('1','charge_status','3','支付成功','admin',now(),'','CD-CDZT000009');



